{"stats":{"minecraft:crafted":{"stonechest:part_cobblestone":4,"minecraft:cobblestone":14,"minecraft:crafting_table":1,"ftbsbc:stone_hammer":1,"ftbsbc:stone_rod":8,"ftbsbc:stone_crook":1,"stonechest:chest_cobblestone":1},"minecraft:custom":{"minecraft:time_since_rest":29538,"minecraft:damage_absorbed":10,"minecraft:sprint_one_cm":546,"minecraft:damage_taken":20,"minecraft:walk_one_cm":46734,"minecraft:drop":1,"minecraft:interact_with_crafting_table":9,"minecraft:fly_one_cm":655,"minecraft:crouch_one_cm":20,"minecraft:play_time":29538,"minecraft:sneak_time":67,"minecraft:jump":37,"minecraft:time_since_death":29538,"minecraft:total_world_time":29538,"minecraft:fall_one_cm":824},"minecraft:used":{"ftbsbc:stone_crook":5,"stonechest:chest_cobblestone":1,"ftbsbc:stone_hammer":33,"minecraft:gravel":1,"entangled:item":13,"minecraft:torch":1,"minecraft:dirt":1,"minecraft:crafting_table":1,"minecraft:oak_sapling":3,"minecraft:dark_oak_sapling":1},"minecraft:mined":{"minecraft:oak_sapling":1,"minecraft:oak_log":5,"minecraft:dark_oak_sapling":1,"minecraft:dirt":4,"minecraft:cobblestone":2,"minecraft:stone":58,"minecraft:wall_torch":1},"minecraft:picked_up":{"minecraft:dark_oak_sapling":2,"minecraft:stick":2,"ftbstoneblock:stonepebble":57,"ars_nouveau:red_archwood_sapling":1,"minecraft:torch":1,"minecraft:gravel":2,"ars_nouveau:purple_archwood_sapling":2,"minecraft:oak_log":4,"minecraft:spruce_sapling":1,"minecraft:dirt":1,"minecraft:oak_sapling":3,"minecraft:birch_sapling":1,"minecraft:cobblestone":80},"minecraft:dropped":{"minecraft:cobblestone":7}},"DataVersion":2975}