{"stats":{"minecraft:crafted":{"stonechest:part_cobblestone":4,"minecraft:cobblestone":11,"minecraft:crafting_table":1,"ftbsbc:stone_hammer":4,"ftbsbc:stone_rod":12,"minecraft:furnace":1,"stonechest:chest_cobblestone":1},"minecraft:custom":{"minecraft:time_since_rest":32574,"minecraft:interact_with_furnace":2,"minecraft:damage_absorbed":1010,"minecraft:sprint_one_cm":14104,"minecraft:damage_taken":60,"minecraft:walk_one_cm":65636,"minecraft:drop":1,"minecraft:interact_with_crafting_table":9,"minecraft:fly_one_cm":41428,"minecraft:open_barrel":1,"minecraft:open_chest":2,"minecraft:crouch_one_cm":9928,"minecraft:play_time":32574,"minecraft:sneak_time":3543,"minecraft:jump":355,"minecraft:leave_game":1,"minecraft:time_since_death":32574,"minecraft:total_world_time":32574,"minecraft:fall_one_cm":11330},"minecraft:used":{"stonechest:chest_cobblestone":1,"createaddition:chocolate_cake":4,"ftbsbc:stone_hammer":357,"minecraft:gravel":9,"minecraft:torch":2,"minecraft:comparator":6,"minecraft:dirt":9,"farmersdelight:basket":2,"minecraft:sand":4,"minecraft:cobblestone":12,"minecraft:crafting_table":1,"minecraft:furnace":1,"ftbstoneblock:dust":4},"minecraft:mined":{"ftbstoneblock:dust":4,"farmersdelight:basket":1,"minecraft:comparator":6,"minecraft:torch":1,"minecraft:oak_log":4,"minecraft:sand":4,"minecraft:gravel":10,"minecraft:dirt":4,"minecraft:cobblestone":9,"minecraft:stone":344,"minecraft:oak_leaves":1,"minecraft:wall_torch":1},"minecraft:broken":{"ftbsbc:stone_hammer":2},"minecraft:picked_up":{"farmersdelight:basket":1,"ftbstoneblock:dust":8,"ftbstoneblock:stonepebble":45,"minecraft:torch":2,"minecraft:gravel":9,"minecraft:sand":4,"minecraft:oak_log":5,"minecraft:dirt":9,"ftbsbc:stone_hammer":1,"minecraft:comparator":6,"minecraft:cobblestone":279},"minecraft:dropped":{"ftbsbc:stone_hammer":1}},"DataVersion":2975}