{"stats":{"minecraft:used":{"minecraft:jack_o_lantern":6,"create:deployer":24,"refinedstorage:exporter":407,"minecraft:dispenser":1,"industrialforegoing:animal_feeder":1,"rftoolspower:coalgenerator":99,"minecraft:stone":42,"compactmachines:machine_tiny":1,"minecraft:soul_sand":72,"powah:thermo_generator_basic":36,"rechiseled:glowstone_smooth":14,"refinedstorage:crafter_manager":2,"minecraft:lava_bucket":86,"minecraft:netherite_boots":2,"create:shaft":36,"create:steam_engine":17,"minecraft:oak_sapling":28,"ars_creo:starbuncle_wheel":2,"industrialforegoing:black_hole_controller":3,"avaritia:compressor":53,"minecraft:clay":1,"mob_grinding_utils:tinted_glass":1170,"minecraft:blast_furnace":1,"industrialforegoing:enchantment_extractor":2,"minecraft:diamond_sword":175,"create:basin":4,"minecraft:smithing_table":1,"botania:blaze_block":1,"ftbsbc:fire_plow":34,"ironfurnaces:gold_furnace":3,"minecraft:enchanting_table":3,"minecraft:armor_stand":1,"justhammers:diamond_reinforced_hammer":874,"minecraft:torch":1449,"tconstruct:seared_drain":2,"minecraft:brewing_stand":1,"supplementaries:faucet":5,"ftbstoneblock:2x_compressed_sand":29,"minecraft:oak_fence_gate":1,"minecraft:chipped_anvil":2,"immersiveengineering:workbench":1,"minecraft:iron_block":174,"mekanismgenerators:heat_generator":43,"minecraft:barrel":4,"minecraft:bamboo":5,"minecraft:diamond_chestplate":1,"cobblefordays:tier_1":24,"projecte:collector_mk3":1,"create:fluid_pipe":32,"create:belt_connector":6,"stonechest:chest_cobblestone":60,"minecraft:wheat_seeds":344,"industrialforegoing:pity_black_hole_tank":4,"industrialforegoing:supreme_black_hole_unit":16,"avaritia:neutron_collector":560,"minecraft:cauldron":75,"refinedstorage:pattern_grid":1,"minecraft:campfire":8,"minecraft:spruce_log":6,"minecraft:diamond_pickaxe":327,"ironfurnaces:netherite_furnace":68,"rftoolsutility:crafter1":1,"minecraft:spruce_sapling":25,"tconstruct:seared_channel":12,"minecraft:potion":1,"charginggadgets:charging_station":2,"minecraft:stripped_oak_log":1,"extendedexchange:fading_collector":34,"minecraft:diamond_leggings":2,"projecte:condenser_mk2":19,"mekanism:basic_fluid_tank":2,"minecraft:nether_wart":3,"industrialforegoing:ore_laser_base":6,"thermal:dynamo_lapidary":1,"create:cogwheel":193,"industrialforegoing:enchantment_sorter":1,"mekanismtools:diamond_paxel":2523,"refinedstorage:controller":4,"ftbstoneblock:1x_compressed_dirt":4,"ftbstoneblock:2x_compressed_cobblestone":74,"trashcans:liquid_trash_can":2,"pipez:item_pipe":615,"minecraft:gold_block":1,"tconstruct:smeltery_controller":7,"refinedstorage:destructor":45,"create:schedule":1,"minecraft:diamond_boots":1,"ftbstoneblock:2x_compressed_gravel":47,"industrialforegoing:mob_imprisonment_tool":3,"create:crushing_wheel":3,"minecraft:wither_skeleton_skull":41,"minecraft:stone_pickaxe":974,"minecraft:oak_planks":7,"minecraft:sugar_cane":56,"minecraft:netherite_leggings":2,"ftbsbc:diamond_hammer":298,"powah:thermo_generator_niotic":3,"minecraft:end_stone":2,"ars_nouveau:purple_archwood_sapling":1,"minecraft:lever":45,"mekanism:crusher":2,"minecraft:dark_oak_log":12,"minecraft:bread":140,"mekanism:metallurgic_infuser":3,"minecraft:iron_door":4,"ftbstoneblock:dust":5,"minecraft:bone_meal":146,"create:large_cogwheel":95,"minecraft:netherite_sword":99,"mekanism:enrichment_chamber":1,"minecraft:flint_and_steel":46,"mekanism:configurator":8,"minecraft:redstone":23,"minecraft:ender_chest":2,"minecraft:stone_hoe":132,"minecraft:cooked_chicken":4,"ironchest:diamond_chest":3,"minecraft:dirt":1431,"create:mechanical_mixer":3,"cobblefordays:tier_2":2,"industrialforegoing:plant_sower":9,"minecraft:iron_hoe":193,"ftbsbc:gold_auto_hammer":12,"industrialforegoing:fluid_laser_base":10,"immersiveengineering:concrete_sheet":19,"refinedstorage:cyan_grid":2,"farmersdelight:basket":2,"minecraft:soul_soil":4,"ftbstoneblock:1x_compressed_gravel":12,"tconstruct:part_builder":2,"minecraft:pumpkin":5,"minecraft:beetroot_soup":16,"immersiveengineering:cloche":1,"ftbsbc:iron_auto_hammer":36,"pipez:fluid_pipe":108,"mob_grinding_utils:wither_muffler":5,"industrialforegoing:pitiful_generator":2,"minecraft:baked_potato":145,"tconstruct:scorched_alloyer":1,"industrialforegoing:stasis_chamber":15,"create:item_drain":2,"industrialforegoing:latex_processing_unit":5,"tconstruct:seared_basin":11,"minecraft:piston":2,"create:mechanical_press":7,"minecraft:stone_axe":377,"powah:energizing_rod_basic":3,"projecte:philosophers_stone":2,"pipez:energy_pipe":910,"ftbsbc:diamond_auto_hammer":21,"rechiseled:glowstone_smooth_connecting":138,"immersiveengineering:fluid_pump":2,"justhammers:netherite_destructor_hammer":731,"minecraft:beetroot":2,"compactmachines:wall":26,"extendedexchange:green_collector":3,"minecraft:ladder":48,"minecraft:chest":23,"tconstruct:seared_stone":3,"soulshards:vile_sword":206,"create:fluid_tank":41,"industrialforegoing:mob_slaughter_factory":2,"refinedstorage:wireless_transmitter":3,"create:mechanical_crafter":25,"create:depot":6,"ftbsbc:netherite_auto_hammer":11,"minecraft:grass_block":1,"minecraft:birch_sapling":16,"tconstruct:seared_faucet":9,"refinedstorage:external_storage":320,"farmersdelight:bacon_sandwich":1,"tconstruct:flint_shuriken":83,"mekanism:combiner":1,"minecraft:rabbit_stew":4,"immersiveengineering:concrete":134,"ironfurnaces:iron_furnace":1,"industrialforegoing:plant_fertilizer":2,"minecraft:furnace":3,"minecraft:egg":547,"minecraft:potato":227,"industrialforegoing:laser_drill":79,"industrialforegoing:mob_duplicator":5,"minecraft:oak_leaves":6,"elevatorid:elevator_white":10,"minecraft:respawn_anchor":1,"minecraft:sand":8,"powah:thermo_generator_blazing":4,"minecraft:netherite_helmet":3,"justhammers:netherite_hammer":509,"minecraft:pumpkin_seeds":8,"immersiveengineering:hammer":1,"refinedstorage:purple_grid":1,"minecraft:polished_andesite_slab":56,"industrialforegoing:dissolution_chamber":10,"minecraft:stone_sword":55,"rftoolsstorage:storage_scanner":1,"powah:energizing_orb":5,"powah:energizing_rod_starter":3,"ftbsbc:stone_hammer":1040,"minecraft:netherrack":6,"refinedstorage:grid":4,"minecraft:stick":23,"minecraft:anvil":2,"ironfurnaces:diamond_furnace":4,"tconstruct:seared_heater":4,"thermal:dynamo_gourmand":1,"createaddition:chocolate_cake":4,"create:wrench":34,"minecraft:iron_axe":230,"refinedstorageaddons:wireless_crafting_grid":3,"minecraft:melon_seeds":2,"minecraft:smooth_basalt":10,"minecraft:glowstone":5,"refinedstorage:crafter":23,"minecraft:blaze_rod":3,"torchmaster:megatorch":11,"mininggadgets:modificationtable":1,"minecraft:cobbled_deepslate":11,"minecraft:pointed_dripstone":30,"minecraft:water_bucket":170,"thermal:machine_pulverizer":2,"avaritia:extreme_crafting_table":1,"justhammers:diamond_impact_hammer":484,"minecraft:comparator":11,"create:encased_fan":9,"justhammers:diamond_hammer":6909,"minecraft:crafting_table":9,"minecraft:oak_slab":6,"mekanismtools:refined_obsidian_sword":67,"minecraft:birch_sign":7,"justhammers:iron_hammer":1883,"minecraft:oak_log":78,"tconstruct:seared_table":18,"minecraft:iron_pickaxe":464,"refinedstorage:crafting_grid":1,"create:water_wheel":31,"minecraft:cobblestone":2764,"tconstruct:seared_melter":4,"compactcrafting:field_projector":14,"minecraft:kelp":26,"projecte:condenser_mk1":3,"minecraft:diamond_hoe":645,"immersiveengineering:seed":51,"minecraft:shield":11,"tconstruct:seared_fuel_tank":1,"prettypipes:wrench":3,"minecraft:nether_bricks":26,"avaritia:neutronium_block":2,"minecraft:glass":1,"chancecubes:chance_cube":2,"chickens:breeder":28,"mekanismtools:gold_paxel":61,"create:millstone":24,"refinedstorage:importer":371,"createaddition:electric_motor":2,"projecte:aeternalis_fuel_block":1,"extendedexchange:lime_collector":1,"minecraft:redstone_lamp":43,"minecraft:magma_block":37,"farmersdelight:cutting_board":1,"industrialforegoing:common_black_hole_unit":1,"minecraft:scaffolding":21,"minecraft:beetroot_seeds":477,"ftbstoneblock:1x_compressed_sand":9,"refinedstorage:disk_drive":16,"refinedstorage:fluid_grid":1,"industrialforegoing:fluid_extractor":153,"minecraft:ender_pearl":1,"chickens:roost":182,"createaddition:rolling_mill":2,"minecraft:shears":63,"thermal:machine_pyrolyzer":2,"minecraft:redstone_torch":4,"minecraft:firework_rocket":2,"industrialforegoing:block_placer":91,"minecraft:gravel":130,"minecraft:chainmail_boots":1,"ftbdripper:dripper":6,"tconstruct:crafting_station":1,"minecraft:andesite":3,"ironchest:crystal_chest":288,"minecraft:cobweb":17,"minecraft:oak_fence":34,"immersiveengineering:conveyor_basic":4,"create:mechanical_pump":33,"minecraft:white_carpet":1,"minecraft:hopper":66,"minecraft:diamond_helmet":1,"tconstruct:seared_bricks":45,"industrialforegoing:enchantment_factory":2,"industrialforegoing:advanced_black_hole_unit":119,"refinedstorage:purple_crafting_grid":1,"create:smart_chute":2,"minecraft:bookshelf":32,"tconstruct:tinker_station":2,"industrialforegoing:mob_crusher":16,"ftbstoneblock:1x_compressed_cobblestone":114,"mekanismtools:netherite_paxel":3235,"ftbstoneblock:1x_compressed_endstone":252,"ftbsbc:iron_hammer":476,"thermal:machine_press":4,"mekanism:electric_pump":14,"mekanism:ultimate_universal_cable":458,"minecraft:glass_bottle":3,"minecraft:polished_andesite":9,"minecraft:netherite_chestplate":3,"minecraft:copper_block":1,"minecraft:beacon":2,"minecraft:stonecutter":1,"minecraft:cobblestone_slab":243,"minecraft:stripped_dark_oak_log":3,"prettypipes:pipe":5,"ftbstoneblock:2x_compressed_dirt":46,"refinedstorage:cable":768,"minecraft:apple":2,"refinedstorage:wireless_fluid_grid":1,"refinedstorage:constructor":11,"thermal:machine_crafter":3,"ironfurnaces:emerald_furnace":5,"minecraft:bucket":424,"industrialforegoing:plant_gatherer":18,"create:hand_crank":3},"minecraft:killed":{"mother_silverfish:poison_silverfish":14,"minecraft:zombie":10,"mother_silverfish:mother_silverfish":1,"minecraft:evoker":1,"minecraft:vindicator":5,"minecraft:endermite":1,"minecraft:zombified_piglin":1,"minecraft:witch":3,"minecraft:spider":6,"minecraft:wither":2,"ars_nouveau:summon_horse":1,"minecraft:silverfish":14,"mother_silverfish:thief_silverfish":17,"minecraft:piglin":3,"minecraft:vex":1,"minecraft:slime":517,"ars_nouveau:summon_wolf":7,"minecraft:hoglin":1,"minecraft:wither_skeleton":2,"minecraft:shulker":4,"minecraft:skeleton":14,"minecraft:chicken":22,"minecraft:magma_cube":9,"instrumentalmobs:drum_zombie":1,"minecraft:enderman":1,"minecraft:creeper":3,"minecraft:stray":1,"minecraft:blaze":10,"mother_silverfish:leech_silverfish":5,"ars_nouveau:wilden_stalker":5,"ars_nouveau:wilden_hunter":8},"minecraft:picked_up":{"minecraft:blue_candle":39,"mob_grinding_utils:fan_upgrade_width":9,"minecraft:stone_slab":127,"projecte:condenser_mk1":2,"create:item_drain":1,"minecraft:enchanted_book":13,"avaritia:neutronium_block":2,"thermal:redstone_grenade":1,"botania:mana_tablet":3,"thermal:energy_cell_frame":6,"refinedstorage:grid":3,"minecraft:polished_deepslate":48,"minecraft:music_disc_cat":6,"minecraft:string":10775,"tconstruct:smeltery_controller":6,"thermal:tin_ingot":2525,"gag:hearthstone":4,"botania:manasteel_chestplate":1,"minecraft:diamond_leggings":4,"mekanism:upgrade_speed":12,"minecraft:bubble_coral":4,"industrialforegoing:laser_lens3":4,"snad:suol_snad":9,"tconstruct:cobalt_nugget":535,"avaritia:neutron_collector":2355,"supplementaries:bomb_spiky":18,"minecraft:diamond_ore":8,"immersiveengineering:shader_bag_epic":2,"darkutils:vector_plate_fast":8,"refinedstorage:raw_improved_processor":26,"powah:energizing_orb":4,"ftbstoneblock:warm_silverfish_shard":64,"minecraft:big_dripleaf":3,"create:andesite_casing":29,"entangled:item":2,"minecraft:golden_axe":2,"bloodmagic:life_essence_bucket":1,"minecraft:warped_button":5,"mob_grinding_utils:saw":2,"ironchest:diamond_chest":5,"minecraft:golden_chestplate":3,"minecraft:cauldron":144,"projecte:watch_of_flowing_time":5,"ftbstoneblock:1x_compressed_stone":54,"thermal:apatite":6251,"botania:manasteel_ingot":18,"minecraft:stone_sword":459,"thermal:machine_pyrolyzer":2,"minecraft:honey_bottle":50,"create:copper_casing":6,"ftbstoneblock:incomplete_raw_basic_processor":6,"farmersdelight:onion":1,"ars_nouveau:worn_notebook":4,"projecte:alchemical_coal":81,"minecraft:carved_pumpkin":6,"farmersdelight:rope":39,"powah:battery_starter":6,"prettypipes:high_extraction_module":2,"supplementaries:ash":34,"minecraft:blaze_rod":24698,"immersiveengineering:plate_steel":8,"minecraft:iron_bars":225,"minecraft:snowball":428,"minecraft:sponge":44,"industrialforegoing:item_transporter_type":12,"thermal:tar":527,"minecraft:feather":9502,"industrialforegoing:fluid_laser_base":9,"botania:invisibility_cloak":2,"minecraft:water_bucket":54,"mekanism:dust_coal":20,"ars_nouveau:source_berry":10,"minecraft:copper_block":459,"minecraft:flint":5069,"trashcans:item_trash_can":1,"simplybackpacks:commonbackpack":3,"luggage:luggage":11,"farmersdelight:tomato":103,"bloodmagic:sigilofholding":2,"tconstruct:ichor_slime_dirt":3,"mekanism:alloy_reinforced":48,"mob_grinding_utils:solid_xp_baby":58,"projecte:iron_band":190,"autosmithingtable:auto_smithing_table":1,"chickens:catcher":8,"powah:capacitor_basic":3,"laserio:logic_chip":1,"projecte:philosophers_stone":3,"industrialforegoing:efficiency_addon_2":14,"minecraft:dark_oak_sign":6,"tconstruct:seared_table":15,"industrialforegoing:range_addon0":14,"tconstruct:blank_sand_cast":320,"minecraft:diamond_helmet":5,"refinedstorage:4096k_fluid_storage_disk":1,"patchouli:guide_book":6,"buildinggadgets:gadget_copy_paste":1,"minecraft:stripped_spruce_log":5,"minecraft:netherite_block":25,"powah:thermoelectric_plate":65,"ftbsbc:stone_hammer":2,"minecraft:iron_hoe":9,"minecraft:polished_andesite":202,"ars_nouveau:apprentice_boots":1,"projecte:repair_talisman":2,"ae2:nether_quartz_cutting_knife":2,"constructionwand:stone_wand":5,"minecraft:lever":80,"minecraft:granite":607,"chiselsandbits:bit_bag":7,"minecraft:spruce_button":8,"minecraft:golden_horse_armor":7,"minecraft:cyan_dye":9722,"ftbstoneblock:2x_compressed_sand":38,"industrialforegoing:latex_bucket":6,"thermal:coal_coke":1503,"immersiveengineering:conveyor_basic":18,"thermal:sawdust":22153,"minecraft:crimson_roots":80,"ae2:silicon":2103,"minecraft:diamond_pickaxe":2,"create:copper_sheet":2,"thermal:dynamo_lapidary":1,"thermal:copper_dust":192,"bloodmagic:soulforge":1,"tconstruct:ender_slime_sapling":4,"minecraft:clay_ball":6094,"justhammers:diamond_impact_hammer":5,"mob_grinding_utils:absorption_hopper":1,"minecraft:leather_leggings":8,"minecraft:redstone_lamp":126,"minecraft:dragon_head":2,"ars_nouveau:novice_hood":4,"minecraft:cornflower":35,"minecraft:pink_candle":12,"minecraft:elytra":4,"create:fluid_pipe":48,"computercraft:turtle_normal":1,"bloodmagic:blankslate":19,"minecraft:flint_and_steel":3,"minecraft:white_carpet":2,"thermal:raw_nickel":5513,"pipez:advanced_upgrade":35,"justhammers:iron_impact_hammer":3,"powah:thermo_generator_niotic":2,"minecraft:glass_pane":175,"supplementaries:bomb":8,"botania:light_relay":3,"botania:pure_daisy":1,"thermal:niter":3063,"immersiveengineering:treated_fence":2,"immersiveengineering:stick_steel":1,"minecraft:birch_sapling":1495,"minecraft:piston":99,"minecraft:diamond_hoe":1,"create:polished_rose_quartz":4,"industrialforegoing:pity_black_hole_tank":4,"ftbstoneblock:3x_compressed_cobblestone":45,"ars_nouveau:purple_archwood_log":36,"minecraft:stone":1939,"ars_nouveau:air_essence":4,"pipez:item_pipe":551,"minecraft:music_disc_mellohi":4,"rechiseled:glowstone_smooth":14,"minecraft:fire_charge":32,"minecraft:white_dye":24,"farmersdelight:tomato_seeds":78,"tconstruct:sky_slime_dirt":4,"measurements:tape_measure":2,"immersiveengineering:concrete":329,"minecraft:red_nether_brick_wall":2,"botania:black_lotus":16,"mekanism:crusher":1,"thermal:nickel_nugget":388,"prettypipes:item_terminal":1,"minecraft:diamond_chestplate":6,"industrialforegoing:plant_gatherer":19,"minecraft:hay_block":2,"industrialforegoing:machine_frame_advanced":13,"industrialforegoing:black_hole_controller":4,"bloodmagic:growthsigil":1,"create:depot":8,"refinedstorage:stack_upgrade":237,"minecraft:totem_of_undying":3,"immersiveengineering:rs_engineering":3,"industrialforegoing:laser_lens10":8,"tconstruct:earth_slime_sapling":6,"minecraft:bone_block":264,"minecraft:emerald_ore":2,"minecraft:oxeye_daisy":4,"refinedstorage:crafter_manager":1,"projecte:low_covalence_dust":274,"powah:capacitor_basic_tiny":97,"minecraft:clock":1,"refinedstorageaddons:wireless_crafting_grid":3,"rftoolspower:coalgenerator":105,"minecraft:yellow_dye":435,"prettypipes:low_extraction_module":1,"refinedstorage:storage_housing":120,"functionalstorage:redstone_upgrade":9,"ars_nouveau:wilden_wing":13,"botania:orange_petal":3,"chiselsandbits:magnifying_glass":4,"industrialforegoing:mob_crusher":14,"rsinfinitybooster:infinity_card":1,"createaddition:capacitor":1,"farmersdelight:skillet":5,"minecraft:paper":3525,"powah:thermo_generator_blazing":4,"tconstruct:seared_brick":428,"industrialforegoing:dryrubber":42,"industrialforegoing:enchantment_sorter":2,"thermal:ice_grenade":9,"create:crushing_wheel":1,"immersiveengineering:concrete_sheet":300,"minecraft:apple":2123,"minecraft:oak_fence_gate":10,"minecraft:stone_pickaxe":5,"ftbsbc:iron_hammer":7,"minecraft:iron_ore":18,"stonechest:chest_cobblestone":226,"rftoolsstorage:storage_module0":1,"ftbstoneblock:1x_compressed_gravel":18,"minecraft:polished_andesite_stairs":62,"minecraft:smooth_basalt":593,"minecraft:milk_bucket":17,"thermal:tin_dust":64,"laserio:card_item":4,"powah:uraninite_raw":20,"justhammers:diamond_hammer":4,"pocketstorage:psu_1":4,"refinedstorage:64k_fluid_storage_disk":3,"create:millstone":28,"experienceobelisk:experience_obelisk":3,"minecraft:coal_ore":2,"farmersdelight:stuffed_potato":4,"minecraft:slime_ball":10061,"immersiveengineering:seed":2637,"industrialforegoing:stasis_chamber":11,"botania:orange_mystical_flower":3,"industrialforegoing:dissolution_chamber":8,"minecraft:birch_sign":9,"minecraft:lodestone":49,"minecraft:red_nether_brick_slab":2,"minecraft:baked_potato":168,"farmersdelight:cooked_salmon_slice":16,"thermal:machine_pulverizer":1,"botanypots:terracotta_botany_pot":5,"minecraft:hopper":135,"chickens:liquid_egg":20253,"constructionwand:diamond_wand":9,"minecraft:ender_chest":60,"create:mechanical_crafter":29,"prettypipes:wrench":3,"supplementaries:bomb_blue":10,"thermal:machine_crafter":2,"mekanism:dust_sulfur":44,"projecte:alchemical_chest":1,"botania:bergamute":9,"minecraft:stone_brick_stairs":5,"tconstruct:mighty_smelting":7,"projecte:red_matter_block":21,"minecraft:lapis_block":1627,"laserio:card_energy":4,"create:sand_paper":2,"thermal:sulfur":2234,"buddingcrystals:crystal_catalyst":5,"minecraft:smooth_stone":33,"minecraft:comparator":41,"minecraft:bucket":103,"minecraft:light_weighted_pressure_plate":120,"minecraft:red_dye":381,"minecraft:cobblestone_slab":535,"minecraft:ender_eye":695,"minecraft:iron_pickaxe":7,"minecraft:tipped_arrow":23,"industrialforegoing:fluid_transporter_type":12,"ironchest:crystal_chest":397,"avaritia:neutron_pile":2912,"mekanismtools:bronze_paxel":12,"ars_creo:starbuncle_wheel":3,"industrialforegoing:plant_fertilizer":3,"minecraft:diorite":547,"torchmaster:dreadlamp":2,"tconstruct:flint_shuriken":163,"fluxnetworks:basic_flux_storage":22,"industrialforegoing:mob_duplicator":4,"prettypipes:medium_speed_module":2,"create:large_cogwheel":99,"minecraft:andesite_wall":24,"mekanism:ultimate_universal_cable":2641,"industrialforegoing:machine_frame_simple":64,"ars_nouveau:arcane_bricks":4,"minecraft:rotten_flesh":96,"minecraft:music_disc_ward":6,"minecraft:chorus_flower":146,"mekanism:ingot_osmium":1885,"minecraft:music_disc_wait":6,"refinedstorage:processor_binding":4506,"minecraft:obsidian":268,"minecraft:blaze_powder":316,"minecraft:cobblestone":86663,"minecraft:enchanting_table":2,"ftbstoneblock:dust":10972,"minecraft:leather_chestplate":6,"farmersdelight:smoked_ham":1,"minecraft:repeater":21,"create:fluid_tank":40,"jags:jags":3,"minecraft:andesite":2481,"minecraft:beacon":1,"minecraft:potato":3555,"create:belt_connector":4,"laserio:card_redstone":8,"create:raw_zinc":6615,"minecraft:prismarine_bricks":8,"ftbstoneblock:3x_compressed_gravel":4,"minecraft:dirt":27613,"constructionwand:iron_wand":7,"minecraft:name_tag":4,"immersiveengineering:hemp_fiber":5435,"minecraft:glass":1196,"minecraft:bone":87,"itemcollectors:basic_collector":2,"powah:steel_energized":104,"minecraft:bow":9,"minecraft:wheat_seeds":6138,"powah:battery_basic":5,"itemcollectors:advanced_collector":6,"industrialforegoing:laser_drill":59,"charginggadgets:charging_station":1,"minecraft:bamboo":32,"simplylight:lamp_post":8,"minecraft:prismarine":32,"minecraft:axolotl_spawn_egg":1,"functionalstorage:ender_drawer":5,"farmersdelight:basket":8,"thermal:raw_tin":46,"tconstruct:pig_iron_ingot":8,"thermal:bronze_ingot":254,"avaritia:neutronium_ingot":47,"mekanism:upgrade_energy":12,"simplylight:illuminant_purple_block_on":8,"justhammers:iron_hammer":5,"tconstruct:slime_boots":2,"immersiveengineering:raw_aluminum":166,"prettypipes:pipe":21,"minecraft:grass_block":21,"minecraft:diamond_block":1080,"chickens:breeder":5,"mekanism:basic_control_circuit":15,"mob_grinding_utils:jumbo_tank":2,"ftbstoneblock:silverfish_heart":4,"minecraft:sugar":89,"botania:fertilizer":40,"chancecubes:chance_cube":47,"minecraft:crossbow":3,"supercircuitmaker:tiny_redstone":24,"minecraft:grass":6,"minecraft:bone_meal":2575,"minecraft:golden_apple":5,"mob_grinding_utils:tinted_glass":387,"minecraft:emerald":2805,"industrialforegoing:laser_lens12":1,"minecraft:chorus_fruit":2310,"minecraft:netherrack":9440,"ars_nouveau:arcane_pedestal":3,"minecraft:oak_leaves":160,"nethersdelight:hoglin_loin":3,"botania:mana_gun":3,"chancecubes:compact_giant_chance_cube":1,"minecraft:ladder":145,"thermal:raw_silver":2127,"minecraft:rabbit_stew":28,"industrialforegoing:fluid_extractor":90,"minecraft:brown_mushroom":40,"industrialforegoing:common_black_hole_unit":3,"minecraft:chain":110,"minecraft:brick":287,"minecraft:shield":6,"mekanism:nugget_osmium":384,"ars_nouveau:amplify_arrow":128,"minecraft:moss_carpet":18,"mekanismtools:steel_paxel":2,"supplementaries:safe":1,"thermal:silver_ingot":4046,"immersiveengineering:coil_hv":33,"ars_nouveau:relay_deposit":1,"minecraft:blackstone":103,"ars_nouveau:novice_robes":4,"projecte:interdiction_torch":1,"ars_nouveau:starbuncle_shards":4,"thermal:apatite_block":317,"immersiveengineering:workbench":1,"justhammers:netherite_destructor_hammer":1,"create:pulse_extender":1,"bloodmagic:basemonstersoul":3,"prettypipes:low_speed_module":6,"minecraft:end_stone":16282,"botania:mana_bottle":9,"minecraft:cookie":1199,"create:hand_crank":8,"minecraft:trident":5,"industrialforegoing:block_placer":27,"minecraft:brown_dye":652,"create:zinc_ingot":8422,"create:deployer":20,"ftbstoneblock:2x_compressed_cobblestone":488,"minecraft:tube_coral":1,"minecraft:weeping_vines":10,"projecte:aeternalis_fuel_block":1,"ae2:certus_quartz_dust":2752,"minecraft:pumpkin_pie":32,"minecraft:nether_bricks":209,"immersiveengineering:shader":2,"farmersdelight:mushroom_rice":2,"farmersdelight:bacon_sandwich":2,"avaritia:crystal_matrix_ingot":1181,"botania:terrasteel_helmet":1,"tconstruct:puny_smelting":9,"instrumentalmobs:drum":2,"minecraft:skeleton_skull":2,"minecraft:purple_dye":470,"powah:battery_blazing":1,"ftbstoneblock:stonepebble":93,"tconstruct:travelers_boots":6,"supplementaries:flint_block":257,"minecraft:golden_carrot":22,"minecraft:leather":456,"mininggadgets:modificationtable":2,"minecraft:music_disc_stal":5,"compactcrafting:field_projector":18,"functionalstorage:copper_upgrade":5,"botania:cosmetic_tiny_potato_mask":4,"botania:blacker_lotus":2,"minecraft:crimson_fungus":85,"minecraft:chainmail_chestplate":5,"minecraft:gunpowder":10444,"thermal:silver_nugget":576,"prettypipes:stack_size_module":3,"tconstruct:ender_slime_crystal":111,"create:copper_nugget":749,"refinedstorage:crafter":13,"refinedstorage:destructor":71,"ae2:sky_dust":3370,"minecraft:gray_carpet":4,"simplemagnets:basicmagnet":1,"thermal:diamond_gear":84,"farmersdelight:fruit_salad":3,"minecraft:iron_ingot":21986,"industrialforegoing:tinydryrubber":1736,"minecraft:cooked_chicken":5211,"refinedstorage:cable":400,"buddingcrystals:budding_lapis_lazuli":1,"minecraft:polished_andesite_slab":122,"tconstruct:seared_stone":9,"projecte:klein_star_ein":4,"minecraft:warped_fungus":5,"minecraft:black_candle":64,"minecraft:emerald_block":550,"industrialforegoing:machine_frame_pity":87,"refinedstorage:constructor":5,"ftbstoneblock:2x_compressed_netherrack":94,"minecraft:quartz":3803,"ae2:facade":128,"compactmachines:wall":38,"minecraft:lava_bucket":18,"mekanism:nugget_uranium":10520,"botania:speed_up_belt":3,"minecraft:amethyst_shard":1611,"mekanismtools:diamond_paxel":3,"minecraft:soul_torch":32,"thermal:enderium_ingot":8,"minecraft:nether_brick_slab":1,"prettypipes:high_speed_module":6,"refinedstorage:importer":263,"ironfurnaces:augment_blasting":25,"ars_nouveau:wilden_spike":9,"tconstruct:ender_slime_dirt":1,"minecraft:pumpkin_seeds":216,"minecraft:sculk_sensor":4,"tconstruct:gold_bars":12,"create:zinc_nugget":702,"minecraft:chainmail_leggings":2,"mekanism:fluorite_gem":2776,"ironfurnaces:emerald_furnace":5,"mob_grinding_utils:saw_upgrade_smite":6,"compactmachines:personal_shrinking_device":2,"minecraft:iron_chestplate":8,"torchmaster:feral_flare_lantern":20,"refinedstorage:speed_upgrade":8,"minecraft:chainmail_boots":7,"minecraft:creeper_head":2,"minecraft:anvil":6,"minecraft:prismarine_shard":417,"minecraft:diamond_sword":6,"mekanism:dust_iron":64,"thermal:netherite_dust":64,"create:wrench":1,"minecraft:wither_rose":6,"thermal:diamond_dust":55,"minecraft:brewing_stand":64,"projecte:condenser_mk2":823,"refinedstorage:controller":6,"minecraft:golden_sword":3,"immersiveengineering:stick_treated":2,"botania:vial":16,"minecraft:amethyst_block":58,"farmersdelight:cutting_board":5,"mekanismgenerators:heat_generator":66,"minecraft:soul_soil":4575,"tconstruct:earth_slime_dirt":1,"ftbstoneblock:1x_compressed_netherrack":14,"botania:auto_crafting_halo":1,"pipez:energy_pipe":1069,"minecraft:beetroot":2724,"create:water_wheel":29,"minecraft:gold_nugget":19010,"minecraft:cobbled_deepslate":2828,"minecraft:spruce_planks":3,"thermal:rf_potato":6,"minecraft:melon_slice":41,"minecraft:coal_block":146,"minecraft:golden_helmet":1,"ftbsbc:fire_plow":3,"minecraft:beehive":32,"farmersdelight:red_mushroom_colony":10,"minecraft:music_disc_blocks":3,"ftbstoneblock:mob_soul":804,"minecraft:composter":43,"projecte:dark_matter":56,"thermal:enderium_glass":4,"thermal:lightning_grenade":4,"createaddition:copper_spool":3,"tconstruct:seared_faucet":12,"mcwdoors:metal_warning_door":2,"projecte:red_matter":5,"minecraft:black_dye":443,"tconstruct:sky_slime_crystal":1268,"botania:livingrock":8,"botania:brew_vial":2,"create:scoria":13,"extendedexchange:fading_collector":190,"minecraft:cow_spawn_egg":1,"thermal:lead_ingot":2030,"minecraft:blue_dye":158,"minecraft:iron_block":1059,"rftoolsutility:crafter1":4,"avaritia:extreme_crafting_table":1,"avaritia:diamond_lattice":187,"botania:livingwood_log":4,"mekanism:basic_fluid_tank":1,"mob_grinding_utils:fan_upgrade_height":6,"ftbstoneblock:1x_compressed_cobblestone":805,"minecraft:birch_log":3234,"industrialforegoing:animal_feeder":2,"minecraft:magma_block":320,"industrialforegoing:range_addon3":6,"botania:manasteel_boots":3,"powah:dielectric_casing":57,"minecraft:iron_door":12,"minecraft:birch_slab":4,"functionalstorage:armory_cabinet":4,"minecraft:powder_snow_bucket":18,"immersiveengineering:wirecoil_structure_steel":3,"createaddition:diamond_grit_sandpaper":1,"pipez:ultimate_upgrade":72,"ftbstoneblock:2x_compressed_gravel":35,"refinedstorage:cyan_grid":2,"minecraft:glow_squid_spawn_egg":2,"ars_nouveau:amulet_of_mana_boost":1,"minecraft:brown_candle":12,"minecraft:twisting_vines":14,"chickens:henhouse":4,"minecraft:chipped_anvil":4,"pipez:fluid_pipe":217,"ftbstoneblock:1x_compressed_sand":1801,"farmersdelight:vegetable_soup":2,"ftbquests:book":3,"refinedstorage:purple_grid":1,"projecte:high_covalence_dust":205,"ppfluids:fluid_pipe":3,"botanypots:terracotta_hopper_botany_pot":2,"create:shaft":149,"refinedstorage:advanced_processor":1663,"ftbsbc:diamond_hammer":5,"refinedstorage:range_upgrade":8,"minecraft:glowstone_dust":3041,"minecraft:moss_block":32,"tconstruct:sky_slime_sapling":4,"create:super_glue":7,"botania:mana_pool":2,"thermal:machine_press":3,"immersiveengineering:blueprint":3,"thermal:wrench":5,"mekanism:metallurgic_infuser":4,"functionalstorage:compacting_drawer":16,"torchbowmod:multitorch":4,"bloodmagic:miningsigil":3,"tconstruct:ingot_sand_cast":1,"ae2:certus_quartz_crystal":12,"botania:blaze_block":11,"mekanismtools:stone_paxel":1,"minecraft:dropper":522,"minecraft:ink_sac":30,"minecraft:fermented_spider_eye":15,"minecraft:dark_oak_log":3,"ars_nouveau:wilden_horn":11,"minecraft:barrel":109,"thermal:glowstone_grenade":3,"createaddition:brass_rod":18,"ars_nouveau:novice_boots":4,"minecraft:dispenser":13,"farmersdelight:glow_berry_custard":7,"refinedstorage:wireless_transmitter":2,"industrialforegoing:range_addon9":4,"minecraft:blue_ice":3043,"minecraft:bread":136,"minecraft:chainmail_helmet":5,"mekanismtools:osmium_paxel":2,"minecraft:crafting_table":21,"minecraft:nether_wart":461,"mekanism:alloy_infused":93,"minecraft:conduit":2,"chiselsandbits:chisel_diamond":1,"gravestone:obituary":17,"thermal:nickel_ingot":3605,"ars_nouveau:archwood_slab":4,"immersiveengineering:manual":3,"powah:energizing_rod_starter":3,"supplementaries:globe":1,"rftoolsbase:machine_frame":27,"minecraft:netherite_scrap":138,"tconstruct:copper_can":48,"ars_nouveau:apprentice_hood":2,"industrialforegoing:mob_slaughter_factory":1,"refinedstorage:exporter":326,"minecraft:respawn_anchor":4,"immersiveengineering:fluid_pump":4,"minecraft:music_disc_otherside":7,"minecraft:beef":9,"rftoolsutility:timer":8,"minecraft:iron_nugget":10774,"ironfurnaces:diamond_furnace":4,"refinedstorage:external_storage":229,"minecraft:chest":186,"mininggadgets:mininggadget":3,"minecraft:egg":12969,"projecte:red_alchemical_bag":2,"ironchest:iron_chest":92,"minecraft:spruce_fence":15,"minecraft:cake":13,"ftbsbc:stone_rod":688,"minecraft:carrot":25,"minecraft:redstone":2286,"refinedstorage:4k_storage_part":3,"create:brass_casing":65,"extendedexchange:alchemy_table":1,"minecraft:prismarine_crystals":8864,"tesseract:tesseract":1,"create:steam_engine":15,"botania:overgrowth_seed":8,"minecraft:tnt":2,"industrialforegoing:range_addon7":9,"botania:phantom_ink":32,"functionalstorage:gold_upgrade":4,"ars_nouveau:enchanting_apparatus":4,"immersiveengineering:cloche":12,"minecraft:beetroot_seeds":4369,"mob_grinding_utils:ender_inhibitor_on":4,"ironfurnaces:gold_furnace":3,"botania:apothecary_default":2,"minecraft:shears":1,"minecraft:diamond_boots":1,"create:zinc_block":642,"minecraft:gold_ingot":6723,"minecraft:glow_berries":16,"farmersdelight:brown_mushroom_colony":4,"minecraft:stripped_oak_log":6,"mekanism:electric_pump":8,"create:iron_sheet":111,"create:brass_sheet":117,"minecraft:fox_spawn_egg":5,"minecraft:red_mushroom":28,"thermal:netherite_nugget":42049,"minecraft:oak_log":19081,"farmersdelight:shepherds_pie":24,"powah:dielectric_rod":231,"minecraft:ancient_debris":21,"minecraft:golden_boots":1,"minecraft:white_banner":3,"bloodmagic:apprenticebloodorb":14,"bloodmagic:weakbloodorb":6,"pipez:basic_upgrade":20,"tconstruct:seared_heater":2,"minecraft:stone_bricks":4,"minecraft:kelp":186,"industrialforegoing:pitiful_generator":3,"bloodmagic:soulsnare":1,"minecraft:music_disc_far":8,"ironfurnaces:augment_speed":2,"minecraft:cobweb":34,"mekanism:steel_casing":2,"minecraft:glass_bottle":4,"bloodmagic:sacrificialdagger":4,"laserio:card_fluid":4,"elevatorid:elevator_white":8,"refinedstorage:64k_fluid_storage_part":1,"minecraft:daylight_detector":4,"extendedexchange:lime_matter":3,"botania:manasteel_helmet":1,"industrialforegoing:plastic":202,"botania:hopperhock":2,"projecte:mobius_fuel":377,"minecraft:spyglass":2,"minecraft:gravel":27815,"industrialforegoing:advanced_black_hole_unit":39,"powah:spirited_crystal_block":30,"minecraft:spruce_sapling":230,"minecraft:orange_candle":90,"minecraft:spruce_log":791,"projecte:medium_covalence_dust":205,"ftbstoneblock:3x_compressed_stone":4,"minecraft:firework_rocket":124,"prettypipes:blank_module":30,"bloodmagic:reinforcedslate":8,"ftbsbc:stone_crook":2,"minecraft:stone_axe":2,"create:smart_chute":4,"create:mechanical_pump":33,"minecraft:scute":2,"thermal:dynamo_gourmand":1,"industrialforegoing:laser_lens0":1,"tconstruct:seared_melter":3,"minecraft:warped_roots":9,"minecraft:oak_button":1003,"minecraft:melon_seeds":58,"minecraft:stripped_dark_oak_log":3,"immersiveengineering:hammer":3,"minecraft:pink_dye":256,"minecraft:ender_pearl":8072,"minecraft:shulker_shell":1,"ars_nouveau:novice_leggings":10,"tconstruct:seared_drain":1,"minecraft:music_disc_strad":10,"minecraft:wheat":3445,"minecraft:redstone_block":300,"industrialforegoing:plant_sower":11,"cobblefordays:tier_5":1,"minecraft:potion":6,"minecraft:turtle_egg":23,"minecraft:nether_brick":158,"chancecubes:silk_touch_pendant":2,"botania:livingwood_twig":2,"powah:thermo_generator_basic":35,"ironfurnaces:augment_generator":28,"minecraft:raw_copper":4205,"immersiveengineering:jerrycan":1,"projecte:aeternalis_fuel":3205,"powah:capacitor_blazing":2,"minecraft:iron_leggings":5,"minecraft:netherite_ingot":324,"ftbstoneblock:incomplete_raw_improved_processor":9,"bloodmagic:daggerofsacrifice":1,"bloodmagic:altar":3,"minecraft:oak_sign":27,"minecraft:sea_pickle":16,"cobblefordays:tier_1":16,"create:mechanical_press":7,"compactmachines:machine_tiny":1,"minecraft:redstone_torch":188,"immersiveengineering:nugget_aluminum":401,"farmersdelight:cabbage_seeds":1,"functionalstorage:linking_tool":4,"prettypipes:random_sorting_modifier":6,"minecraft:iron_boots":10,"minecraft:furnace":111,"pipez:improved_upgrade":40,"botania:lexicon":7,"minecraft:stick":11346,"createaddition:electric_motor":2,"create:mechanical_mixer":6,"farmersdelight:rotten_tomato":1,"minecraft:oak_fence":139,"thermal:raw_lead":91,"minecraft:torch":902,"ftbstoneblock:crushed_endstone":3028,"tconstruct:scorched_brick":94,"ars_nouveau:archwood_chest":16,"minecraft:dried_kelp":52,"minecraft:target":20,"minecraft:pointed_dripstone":108,"minecraft:music_disc_pigstep":2,"pipez:wrench":4,"immersiveengineering:fluid_pipe":10,"thermal:lead_dust":40,"minecraft:quartz_block":296,"snad:snad":96,"minecraft:cactus":7,"createaddition:chocolate_cake":24,"thermal:slime_grenade":8,"thermal:electrum_ingot":3,"thermal:lead_nugget":10187,"thermal:cinnabar_block":386,"create:veridium":9,"ars_nouveau:whirlisprig_shards":5,"refinedstorage:1k_storage_part":37,"ftbsbc:netherite_auto_hammer":7,"minecraft:cod":90,"immersiveengineering:slab_treated_wood_horizontal":2,"tconstruct:seared_bricks":166,"ftbstoneblock:2x_compressed_stone":8,"minecraft:magma_cream":723,"refinedstorage:raw_basic_processor":23,"industrialforegoing:mob_imprisonment_tool":1,"minecraft:light_gray_dye":13735,"minecraft:magenta_dye":256,"minecraft:tuff":492,"chickens:chicken_item":1701,"minecraft:horn_coral":1,"minecraft:wither_skeleton_skull":114,"refinedstorage:improved_processor":1210,"thermal:tin_gear":2,"minecraft:lapis_lazuli":13055,"thermal:rf_coil":62,"thermal:upgrade_augment_1":4,"powah:dielectric_paste":782,"mekanismtools:gold_paxel":5,"industrialforegoing:gold_gear":143,"createaddition:alternator":3,"botania:mana_diamond":4,"minecraft:leather_boots":5,"projecte:collector_mk3":453,"powah:capacitor_hardened":4,"mekanismtools:refined_obsidian_sword":2,"ftbdripper:dripper":21,"bloodmagic:infusedslate":1,"avaritia:compressor":29,"minecraft:raw_gold":3281,"ftbsbc:iron_auto_hammer":37,"minecraft:light_blue_dye":128,"ironfurnaces:augment_fuel":22,"ars_nouveau:ritual_awakening":1,"bloodmagic:sigilofsuppression":1,"powah:crystal_niotic":8,"simplemagnets:advancedmagnet":2,"ars_nouveau:potion_jar":7,"industrialforegoing:enchantment_factory":3,"minecraft:oak_planks":2910,"minecraft:stone_hoe":4,"ironfurnaces:iron_furnace":18,"literalskyblock:void_block":7,"ae2:fluix_sword":1,"minecraft:ghast_tear":9120,"tconstruct:necrotic_bone":3630,"minecraft:music_disc_13":7,"darkutils:filter_pet":10261,"create:cogwheel":158,"minecraft:poisonous_potato":33,"tempad:tempad":3,"torchmaster:megatorch":4,"minecraft:sand":15892,"mob_grinding_utils:fan":8,"minecraft:dark_prismarine":4,"botania:mana_cookie":129,"thermal:tin_nugget":580,"minecraft:clay":265,"minecraft:diamond":1579,"create:filter":5,"tconstruct:seared_basin":9,"cobblefordays:tier_2":4,"darkutils:vector_plate":48,"minecraft:polished_blackstone_button":21,"industrialforegoing:supreme_black_hole_unit":47,"industrialforegoing:enchantment_extractor":1,"minecraft:oak_sapling":9233,"minecraft:cocoa_beans":6,"chickens:roost":287,"minecraft:nether_star":4410,"ftbstoneblock:1x_compressed_endstone":473,"minecraft:charcoal":59,"immersiveengineering:wirecutter":1,"tconstruct:crafting_station":1,"buildinggadgets:gadget_exchanging":2,"minecraft:chicken":6506,"tconstruct:seared_channel":27,"thermal:cinnabar":2751,"refinedstorage:wireless_grid":1,"torchbowmod:torchbow":13,"immersiveengineering:heavy_engineering":6,"ars_nouveau:warp_scroll":3,"mob_grinding_utils:wither_muffler":12,"createaddition:rolling_mill":5,"createaddition:iron_rod":1,"bloodmagic:airsigil":1,"tconstruct:earth_slime_crystal":1136,"rechiseled:glowstone_smooth_connecting":18,"ars_nouveau:archwood_planks":2,"immersiveengineering:ingot_aluminum":4674,"ftbquests:lootcrate":779,"thermal:fluid_cell_frame":6,"minecraft:stone_stairs":13,"minecraft:iron_axe":1,"powah:ender_cell_spirited":1,"create:chute":9,"ars_nouveau:source_berry_pie":2,"minecraft:candle":123,"justhammers:diamond_reinforced_hammer":2,"tconstruct:earth_slime_sling":4,"create:basin":7,"minecraft:sugar_cane":2133,"industrialforegoing:fertilizer":64,"minecraft:dark_oak_sapling":3,"refinedstorage:16k_storage_part":1,"minecraft:raw_iron":3892,"minecraft:orange_dye":403,"thermal:ender_grenade":5,"tconstruct:blood_slime_ball":4,"extendedexchange:lime_collector":1,"create:golden_sheet":8,"minecraft:copper_ingot":4091,"minecraft:bowl":48,"minecraft:gray_dye":452,"ars_nouveau:purple_archwood_sapling":6,"extendedexchange:green_collector":3,"minecraft:stone_button":7,"soulshards:vile_sword":6,"minecraft:iron_horse_armor":8,"powah:capacitor_basic_large":122,"powah:crystal_blazing":2,"minecraft:dark_oak_planks":2,"mekanism:block_fluorite":60,"minecraft:lime_candle":72,"minecraft:arrow":217,"immersiveengineering:steel_scaffolding_standard":4,"refinedstorage:upgrade":12,"functionalstorage:netherite_upgrade":2,"industrialforegoing:straw":7,"tconstruct:tinker_station":3,"ftbstoneblock:cold_silverfish_shard":134,"minecraft:saddle":5,"ae2:calculation_processor_press":2,"functionalstorage:pusher_upgrade":1,"industrialforegoing:laser_lens14":3,"supplementaries:faucet":11,"thermal:fire_grenade":10,"immersiveengineering:ingot_steel":1025,"minecraft:cracked_deepslate_tiles":1,"minecraft:glow_ink_sac":42,"tconstruct:part_builder":2,"createaddition:honey_cake":32,"create:andesite_alloy":142,"minecraft:nether_wart_block":18,"minecraft:cobblestone_stairs":390,"trashcans:liquid_trash_can":4,"immersiveengineering:treated_wood_horizontal":203,"tconstruct:sky_slime_sling":10,"rftoolsbase:dimensionalshard":170,"botania:blood_pendant":3,"industrialforegoing:latex_processing_unit":2,"industrialforegoing:range_addon11":11,"fluxnetworks:flux_controller":7,"refinedstorage:basic_processor":1495,"industrialforegoing:processing_addon_2":16,"tconstruct:bacon":99,"minecraft:soul_sand":18536,"minecraft:green_dye":315,"minecraft:music_disc_chirp":1,"minecraft:book":60,"minecraft:scaffolding":193,"ftbsbc:gold_auto_hammer":12,"minecraft:oak_slab":249,"chiselsandbits:chiseledrock":4,"minecraft:pumpkin":39,"ftbsbc:diamond_auto_hammer":23,"minecraft:budding_amethyst":6,"ars_nouveau:red_archwood_sapling":3,"thermal:constantan_ingot":184,"refinedstorage:quartz_enriched_iron":575,"refinedstorage:pattern":42,"minecraft:blast_furnace":1,"literalskyblock:sky_block":278,"industrialforegoing:ore_laser_base":7,"mekanism:raw_osmium":58,"minecraft:spider_eye":142,"rftoolsstorage:modular_storage":1,"powah:dielectric_rod_horizontal":75,"create:electron_tube":3,"powah:energizing_rod_basic":17,"mekanism:ultimate_tier_installer":1,"minecraft:lime_dye":128,"refinedstorage:construction_core":11,"create:brass_ingot":502,"minecraft:campfire":8,"create:encased_fan":8,"minecraft:iron_helmet":11,"tconstruct:pattern":1,"minecraft:coal":15257,"ironfurnaces:netherite_furnace":52},"minecraft:mined":{"minecraft:red_nether_brick_slab":1,"minecraft:dragon_wall_head":2,"extendedexchange:green_collector":3,"create:copper_casing":6,"powah:energizing_orb":4,"refinedstorage:cyan_grid":2,"supplementaries:blaze_rod":3,"thermal:dynamo_gourmand":1,"minecraft:spawner":6,"ironchest:crystal_chest":280,"minecraft:magma_block":65,"projecte:condenser_mk2":12,"industrialforegoing:supreme_black_hole_unit":16,"minecraft:barrel":26,"minecraft:fire":29,"pipez:fluid_pipe":38,"tconstruct:seared_melter":3,"industrialforegoing:dissolution_chamber":8,"stonechest:chest_cobblestone":62,"create:mechanical_press":7,"minecraft:tripwire":1,"create:item_drain":1,"create:cogwheel":120,"minecraft:kelp_plant":49,"ironfurnaces:iron_furnace":1,"minecraft:torch":247,"minecraft:melon":5,"refinedstorage:importer":264,"minecraft:nether_brick_slab":1,"minecraft:sugar_cane":150,"minecraft:birch_sapling":10,"create:basin":4,"createaddition:electric_motor":1,"tconstruct:seared_faucet":6,"extendedexchange:lime_collector":1,"minecraft:wither_rose":1,"minecraft:grass":11,"thermal:machine_press":3,"industrialforegoing:mob_slaughter_factory":1,"chickens:roost":137,"minecraft:smooth_basalt":10,"immersiveengineering:conveyor_basic":4,"minecraft:deepslate":52,"minecraft:attached_pumpkin_stem":1,"farmersdelight:basket":2,"minecraft:nether_brick_wall":1,"minecraft:dark_oak_log":1,"create:fluid_tank":44,"avaritia:compressor":29,"minecraft:redstone_wire":23,"create:encased_fan":8,"industrialforegoing:fluid_extractor":88,"create:shaft":32,"tconstruct:seared_stone":2,"minecraft:andesite":47,"minecraft:vine":4,"minecraft:cobblestone_slab":150,"create:deployer":19,"minecraft:ender_chest":1,"minecraft:oak_slab":5,"rechiseled:glowstone_smooth_connecting":18,"minecraft:soul_sand":19,"industrialforegoing:common_black_hole_unit":1,"ftbstoneblock:2x_compressed_dirt":46,"powah:energizing_rod_basic":1,"create:fluid_pipe":29,"mininggadgets:modificationtable":1,"create:mechanical_pump":33,"minecraft:campfire":16,"minecraft:tall_grass":10,"projecte:aeternalis_fuel_block":1,"immersiveengineering:concrete":42,"minecraft:gravel":118,"minecraft:cobweb":84,"industrialforegoing:fluid_laser_base":7,"minecraft:birch_sign":1,"mekanism:electric_pump":8,"minecraft:oak_sapling":64,"minecraft:farmland":14,"ftbstoneblock:1x_compressed_endstone":188,"tconstruct:seared_bricks":2,"tconstruct:seared_channel":12,"industrialforegoing:advanced_black_hole_unit":24,"industrialforegoing:enchantment_factory":2,"immersiveengineering:concrete_sheet":12,"minecraft:composter":10,"tconstruct:seared_table":16,"cobblefordays:tier_1":16,"supplementaries:ash":13,"ftbsbc:gold_auto_hammer":12,"minecraft:pointed_dripstone":26,"industrialforegoing:ore_laser_base":6,"refinedstorage:purple_grid":1,"industrialforegoing:animal_feeder":1,"ftbsbc:diamond_auto_hammer":11,"supplementaries:stick":24,"industrialforegoing:laser_drill":58,"botania:blaze_block":1,"minecraft:beacon":1,"create:brass_casing":65,"minecraft:nether_quartz_ore":2,"minecraft:wither_skeleton_wall_skull":3,"ironfurnaces:emerald_furnace":4,"minecraft:oak_planks":7,"minecraft:wall_torch":66,"minecraft:cauldron":57,"create:glass_fluid_pipe":4,"projecte:collector_mk3":1,"cobblefordays:tier_2":2,"minecraft:lava_cauldron":11,"ftbstoneblock:2x_compressed_cobblestone":74,"ironchest:diamond_chest":3,"minecraft:tnt":2,"minecraft:oak_log":142,"minecraft:beetroots":481,"minecraft:dirt":217,"tconstruct:seared_heater":2,"minecraft:dispenser":1,"refinedstorage:controller":1,"minecraft:ancient_debris":1,"ars_nouveau:red_archwood_sapling":1,"immersiveengineering:workbench":1,"prettypipes:pipe":2,"torchmaster:megatorch":3,"minecraft:lever":5,"minecraft:ladder":24,"create:depot":6,"supplementaries:faucet":5,"minecraft:spruce_leaves":14,"chickens:breeder":3,"ftbstoneblock:dust":6,"mekanism:ultimate_universal_cable":43,"rftoolspower:coalgenerator":66,"mekanism:basic_fluid_tank":1,"minecraft:bookshelf":16,"avaritia:neutron_collector":16,"minecraft:stripped_oak_log":6,"ftbsbc:iron_auto_hammer":36,"minecraft:scaffolding":3,"minecraft:stripped_dark_oak_log":4,"pipez:item_pipe":113,"minecraft:oak_fence":14,"tconstruct:seared_basin":10,"industrialforegoing:mob_crusher":14,"ironfurnaces:diamond_furnace":4,"ftbstoneblock:2x_compressed_sand":29,"elevatorid:elevator_white":8,"create:mechanical_crafter":25,"create:andesite_casing":9,"thermal:machine_crafter":2,"tconstruct:seared_drain":1,"minecraft:carved_pumpkin":6,"refinedstorage:constructor":6,"ftbstoneblock:1x_compressed_gravel":12,"minecraft:hopper":70,"minecraft:crimson_fungus":7,"create:belt":2,"industrialforegoing:enchantment_sorter":1,"projecte:condenser_mk1":2,"minecraft:weeping_vines_plant":3,"industrialforegoing:plant_gatherer":18,"minecraft:pumpkin":14,"charginggadgets:charging_station":1,"minecraft:enchanting_table":2,"powah:energizing_rod_starter":2,"minecraft:cave_vines":3,"ftbdripper:dripper":6,"minecraft:dirt_path":2,"minecraft:iron_block":8,"mob_grinding_utils:wither_muffler":3,"tconstruct:part_builder":3,"mekanism:osmium_ore":8,"pipez:energy_pipe":635,"minecraft:soul_fire":6,"powah:thermo_generator_blazing":4,"minecraft:blast_furnace":1,"minecraft:polished_andesite_stairs":32,"minecraft:wheat":251,"create:mechanical_mixer":3,"minecraft:pumpkin_stem":7,"refinedstorage:wireless_transmitter":2,"create:hand_crank":3,"refinedstorage:external_storage":225,"minecraft:piston":2,"thermal:machine_pyrolyzer":2,"create:millstone":25,"industrialforegoing:pitiful_generator":2,"industrialforegoing:mob_duplicator":4,"refinedstorage:exporter":182,"mekanismgenerators:heat_generator":42,"thermal:dynamo_lapidary":1,"minecraft:nether_bricks":3,"ftbsbc:netherite_auto_hammer":7,"minecraft:crimson_roots":4,"minecraft:kelp":11,"extendedexchange:fading_collector":26,"powah:thermo_generator_niotic":2,"minecraft:potatoes":210,"ironchest:iron_chest":1,"minecraft:bamboo":6,"mekanism:crusher":1,"minecraft:hanging_roots":1,"minecraft:comparator":11,"industrialforegoing:black_hole_controller":3,"compactcrafting:field_projector":14,"create:water_wheel":26,"ars_nouveau:purple_archwood_sapling":2,"ars_creo:starbuncle_wheel":3,"refinedstorage:destructor":42,"tconstruct:smeltery_controller":6,"minecraft:spruce_log":206,"minecraft:birch_leaves":6,"create:crushing_wheel":1,"trashcans:liquid_trash_can":2,"ftbstoneblock:1x_compressed_cobblestone":54,"ftbstoneblock:2x_compressed_gravel":47,"industrialforegoing:stasis_chamber":11,"minecraft:attached_melon_stem":1,"tconstruct:tinker_station":3,"industrialforegoing:plant_sower":9,"minecraft:cave_vines_plant":1,"minecraft:grass_block":9,"minecraft:infested_cobblestone":1,"minecraft:soul_soil":5,"ftbstoneblock:1x_compressed_dirt":4,"refinedstorage:grid":3,"rftoolsutility:crafter1":1,"botania:apothecary_default":1,"minecraft:glowstone":5,"ironfurnaces:gold_furnace":3,"minecraft:anvil":1,"industrialforegoing:block_placer":27,"minecraft:birch_wall_sign":2,"mob_grinding_utils:tinted_glass":235,"create:steam_engine":16,"minecraft:twisting_vines_plant":2,"minecraft:melon_stem":1,"minecraft:clay":17,"minecraft:chest":23,"minecraft:cobblestone":1285,"minecraft:iron_door":1,"minecraft:seagrass":1,"industrialforegoing:plant_fertilizer":2,"minecraft:nether_wart_block":7,"minecraft:birch_log":91,"industrialforegoing:pity_black_hole_tank":3,"refinedstorage:crafter_manager":1,"immersiveengineering:fluid_pump":2,"minecraft:sand":9,"tconstruct:crafting_station":1,"avaritia:neutronium_block":2,"industrialforegoing:latex_processing_unit":2,"minecraft:wither_skeleton_skull":5,"minecraft:netherrack":208,"minecraft:oak_leaves":70,"minecraft:redstone_lamp":22,"minecraft:tuff":5,"gravestone:gravestone":5,"create:large_cogwheel":60,"farmersdelight:tomatoes":2,"minecraft:polished_andesite_slab":75,"refinedstorage:cable":359,"powah:thermo_generator_basic":8,"createaddition:rolling_mill":2,"thermal:machine_pulverizer":1,"minecraft:spruce_sapling":30,"minecraft:furnace":3,"immersiveengineering:hemp":90,"minecraft:stripped_spruce_log":3,"ironfurnaces:netherite_furnace":3,"minecraft:stone":2859,"minecraft:podzol":1,"rechiseled:glowstone_smooth":14,"minecraft:crafting_table":11,"ftbstoneblock:1x_compressed_sand":9,"industrialforegoing:enchantment_extractor":1,"mekanism:metallurgic_infuser":2,"minecraft:beehive":7,"minecraft:redstone_torch":2,"create:smart_chute":2,"refinedstorage:crafter":13,"minecraft:polished_andesite":12,"minecraft:crimson_hyphae":3},"minecraft:killed_by":{"minecraft:witch":1},"minecraft:crafted":{"pipez:basic_upgrade":65,"justhammers:netherite_hammer":8,"pipez:wrench":1,"immersiveengineering:hammer":5,"minecraft:oak_sign":9,"industrialforegoing:mob_duplicator":1,"minecraft:blaze_powder":1202,"ftbsbc:netherite_hammer":4,"ironfurnaces:iron_furnace":147,"minecraft:diamond_shovel":1,"mekanismgenerators:heat_generator":26,"minecraft:nether_brick":17,"ironfurnaces:diamond_furnace":131,"justhammers:reinforced_core":8,"thermal:machine_frame":3,"mininggadgets:upgrade_efficiency_5":1,"projecte:dark_matter_block":1,"thermal:bronze_dust":256,"minecraft:diamond_helmet":1,"refinedstorage:crafting_grid":1,"avaritia:crystal_matrix_ingot":1,"minecraft:beacon":1,"mekanism:elite_universal_cable":8,"industrialforegoing:plant_sower":2,"minecraft:iron_door":3,"powah:energizing_rod_starter":2,"create:cogwheel":122,"ppfluids:fluid_pipe":3,"tconstruct:flint_shuriken":128,"rftoolsstorage:storage_scanner":1,"mekanism:energy_tablet":1,"avaritia:neutron_nugget":1346,"thermal:machine_crafter":1,"minecraft:redstone_lamp":64,"industrialforegoing:black_hole_controller":1,"powah:capacitor_basic_large":8,"create:rose_quartz":14,"createaddition:diamond_grit_sandpaper":1,"minecraft:smithing_table":3,"ftbsbc:stone_rod":492,"ironfurnaces:augment_blasting":66,"minecraft:sticky_piston":1,"createaddition:iron_rod":128,"ftbstoneblock:2x_compressed_endstone":44,"create:mechanical_mixer":1,"thermal:dynamo_lapidary":1,"ironfurnaces:augment_speed":3,"thermal:tin_gear":4,"industrialforegoing:fluid_extractor":75,"mininggadgets:upgrade_efficiency_3":1,"mininggadgets:modificationtable":1,"minecraft:stone_slab":186,"industrialforegoing:mob_crusher":3,"avaritia:neutronium_ingot":71,"create:large_cogwheel":49,"minecraft:netherite_ingot":1928,"refinedstorage:machine_casing":40,"refinedstorage:wireless_fluid_grid":1,"farmersdelight:onion":1,"refinedstorage:upgrade":412,"create:wrench":1,"minecraft:iron_nugget":189,"ironfurnaces:augment_generator":67,"minecraft:diamond_hoe":1,"pocketstorage:psu_2":1,"mob_grinding_utils:wither_muffler":2,"create:smart_chute":1,"mekanism:combiner":1,"minecraft:jack_o_lantern":6,"tconstruct:seared_basin":1,"refinedstorage:external_storage":259,"ftbstoneblock:3x_compressed_sand":4,"compactcrafting:base":4,"mininggadgets:mininggadget":1,"industrialforegoing:plant_gatherer":3,"ironfurnaces:emerald_furnace":131,"immersiveengineering:fluid_pump":1,"prettypipes:high_retrieval_module":1,"pocketstorage:psu_4":1,"minecraft:stone_pickaxe":7,"prettypipes:low_retrieval_module":1,"refinedstorage:64k_fluid_storage_part":68,"create:belt_connector":5,"ftbsbc:iron_hammer":33,"create:brass_sheet":68,"industrialforegoing:laser_drill":21,"literalskyblock:sky_block":256,"refinedstorage:1024k_fluid_storage_part":7,"industrialforegoing:animal_feeder":1,"refinedstorage:destructor":33,"create:goggles":1,"minecraft:wheat_seeds":2,"minecraft:dark_oak_button":48,"immersiveengineering:blueprint":1,"tconstruct:seared_heater":2,"minecraft:oak_fence_gate":1,"refinedstorage:purple_grid":1,"immersiveengineering:conveyor_basic":8,"thermal:enderium_dust":16,"refinedstorage:1024k_fluid_storage_disk":1,"minecraft:armor_stand":1,"industrialforegoing:advanced_black_hole_unit":100,"powah:capacitor_basic":88,"ftbsbc:netherite_auto_hammer":4,"create:shaft":136,"refinedstorage:improved_processor":0,"ftbdripper:dripper":1,"tconstruct:grout":136,"pipez:ultimate_upgrade":64,"mekanismtools:diamond_paxel":1,"createaddition:capacitor":7,"minecraft:cobblestone_slab":330,"powah:battery_basic":2,"refinedstorage:cable":1380,"refinedstorage:controller":3,"minecraft:stone":586,"minecraft:heavy_weighted_pressure_plate":3,"prettypipes:high_extraction_module":2,"pipez:fluid_pipe":128,"mininggadgets:upgrade_battery_3":1,"ae2:nether_quartz_cutting_knife":2,"immersiveengineering:cloche":2,"industrialforegoing:pitiful_generator":1,"minecraft:bow":5,"mekanism:ultimate_universal_cable":8,"minecraft:comparator":1,"minecraft:chest":1180,"industrialforegoing:gold_gear":327,"tconstruct:seared_fuel_tank":1,"minecraft:oak_button":1388,"minecraft:copper_block":235,"mekanism:basic_fluid_tank":1,"minecraft:birch_button":80,"projecte:aeternalis_fuel_block":64,"minecraft:ender_eye":426,"minecraft:oak_fence":126,"create:brass_hand":7,"industrialforegoing:enchantment_sorter":1,"minecraft:dropper":860,"rftoolspower:coalgenerator":72,"create:depot":1,"industrialforegoing:ore_laser_base":1,"mekanismtools:netherite_paxel":1,"minecraft:cauldron":65,"powah:thermo_generator_blazing":1,"projecte:mobius_fuel":225,"create:fluid_pipe":4,"industrialforegoing:enchantment_factory":1,"minecraft:iron_helmet":1,"refinedstorage:exporter":306,"create:zinc_nugget":454,"ironfurnaces:obsidian_furnace":129,"botania:blood_pendant":1,"simplemagnets:advancedmagnet":1,"ftbstoneblock:1x_compressed_sand":2797,"refinedstorage:speed_upgrade":392,"cobblefordays:tier_1":19,"rechiseled:chisel":2,"ironchest:diamond_chest":158,"minecraft:dispenser":1,"tconstruct:seared_channel":5,"ftbsbc:gold_auto_hammer":22,"create:water_wheel":10,"minecraft:purple_dye":124,"minecraft:netherite_block":34,"minecraft:stick":544,"mekanism:crusher":1,"minecraft:iron_ingot":12339,"ae2:cable_anchor":128,"prettypipes:medium_retrieval_module":1,"functionalstorage:armory_cabinet":1,"minecraft:beetroot_soup":16,"ftbstoneblock:2x_compressed_dirt":46,"create:chute":4,"mekanism:basic_universal_cable":8,"tesseract:tesseract":1,"pocketstorage:psu_1":1,"minecraft:spruce_button":128,"mininggadgets:upgrade_range_2":1,"minecraft:furnace":269,"minecraft:blast_furnace":66,"minecraft:piston":221,"ironchest:dirt_chest":1,"minecraft:flint_and_steel":1,"refinedstorage:crafter":12,"justhammers:destructor_core":8,"refinedstorage:constructor":7,"minecraft:scaffolding":174,"refinedstorage:4096k_fluid_storage_part":2,"ironfurnaces:augment_fuel":65,"tconstruct:ingot_sand_cast":142,"compactcrafting:field_projector":4,"powah:thermo_generator_starter":8,"refinedstorage:256k_fluid_storage_disk":1,"mininggadgets:upgrade_fortune_3":10,"create:copper_sheet":139,"tconstruct:copper_can":24,"refinedstorage:4096k_fluid_storage_disk":2,"mekanism:block_fluorite":60,"create:basin":1,"functionalstorage:oak_1":2,"minecraft:birch_sign":3,"refinedstorage:256k_fluid_storage_part":22,"tconstruct:rod_sand_cast":8,"create:andesite_alloy":192,"elevatorid:elevator_white":4,"ftbstoneblock:2x_compressed_netherrack":47,"mininggadgets:upgrade_efficiency_1":1,"thermal:machine_press":1,"industrialforegoing:block_placer":74,"pipez:energy_pipe":768,"minecraft:iron_sword":5,"refinedstorage:range_upgrade":7,"ftbstoneblock:1x_compressed_endstone":881,"industrialforegoing:machine_frame_pity":354,"minecraft:dirt":27,"ae2:silicon":0,"create:item_drain":1,"mininggadgets:upgrade_three_by_three":1,"tconstruct:seared_drain":1,"avaritia:double_compressed_crafting_table":1,"ftbstoneblock:1x_compressed_cobblestone":5768,"functionalstorage:copper_upgrade":1,"create:whisk":1,"mekanism:enrichment_chamber":1,"create:mechanical_crafter":12,"tconstruct:seared_faucet":3,"mekanism:advanced_control_circuit":2,"supplementaries:flint_block":168,"minecraft:torch":3016,"thermal:rf_coil":67,"minecraft:diamond_chestplate":1,"ironchest:iron_chest":237,"createaddition:zinc_sheet":64,"minecraft:ender_chest":66,"tconstruct:scorched_fuel_gauge":1,"mekanism:ingot_osmium":640,"mekanism:configurator":1,"immersiveengineering:fluid_pipe":8,"minecraft:oak_pressure_plate":1,"pipez:improved_upgrade":64,"projecte:swiftwolf_rending_gale":1,"pipez:item_pipe":912,"projecte:alchemical_chest":1,"industrialforegoing:iron_gear":8,"thermal:copper_gear":7,"stonechest:chest_cobblestone":76,"compactcrafting:projector_dish":4,"minecraft:lever":66,"minecraft:bookshelf":44,"botania:ender_hand":2,"avaritia:neutron_collector":2,"minecraft:iron_bars":144,"ironchest:crystal_chest":158,"prettypipes:blank_module":36,"tconstruct:seared_melter":1,"charginggadgets:charging_station":1,"minecraft:quartz_block":384,"minecraft:glass":0,"minecraft:repeater":61,"minecraft:diamond_leggings":1,"create:mechanical_press":3,"thermal:cinnabar_block":146,"refinedstorage:grid":9,"mininggadgets:upgrade_efficiency_2":1,"refinedstorage:processor_binding":7792,"mob_grinding_utils:tinted_glass":900,"snad:snad":16,"industrialforegoing:laser_lens10":1,"ftbstoneblock:1x_compressed_stone":172,"powah:thermoelectric_plate":46,"compactmachines:personal_shrinking_device":1,"minecraft:flower_pot":2,"torchmaster:megatorch":9,"projecte:dark_matter":4,"minecraft:glass_bottle":6,"justhammers:netherite_destructor_hammer":2,"refinedstorage:crafter_manager":1,"minecraft:diamond_axe":1,"refinedstorage:fortune_3_upgrade":1,"refinedstorage:purple_crafting_grid":1,"refinedstorage:storage_housing":64,"rsinfinitybooster:infinity_card":1,"minecraft:gravel":45,"projecte:philosophers_stone":1,"torchmaster:dreadlamp":2,"tconstruct:blank_sand_cast":200,"minecraft:clock":1,"minecraft:copper_ingot":316,"createaddition:copper_wire":65,"industrialforegoing:dissolution_chamber":2,"prettypipes:low_extraction_module":3,"minecraft:hay_block":665,"minecraft:campfire":8,"tconstruct:scorched_alloyer":1,"minecraft:blaze_rod":135,"createaddition:spool":128,"avaritia:diamond_lattice":2,"create:encased_fan":2,"mininggadgets:upgrade_efficiency_4":1,"thermal:dynamo_gourmand":1,"ftbsbc:stone_hammer":8,"computercraft:pocket_computer_normal":1,"minecraft:iron_block":2165,"minecraft:gold_ingot":4661,"refinedstorage:importer":211,"create:propeller":4,"powah:capacitor_blazing":2,"refinedstorage:wireless_grid":3,"powah:capacitor_basic_tiny":66,"mekanism:advanced_universal_cable":8,"powah:dielectric_casing":25,"minecraft:smooth_stone_slab":6,"ironfurnaces:netherite_furnace":129,"supplementaries:faucet":2,"mininggadgets:upgrade_range_1":1,"mininggadgets:upgrade_range_3":1,"industrialforegoing:dryrubber":1229,"create:golden_sheet":7,"minecraft:bone_meal":1584,"create:iron_sheet":92,"thermal:apatite":2097,"minecraft:white_carpet":3,"functionalstorage:linking_tool":1,"minecraft:diamond":477,"autosmithingtable:auto_smithing_table":1,"refinedstorage:64k_fluid_storage_disk":1,"minecraft:ladder":54,"mekanism:electric_pump":8,"minecraft:diamond_boots":1,"thermal:netherite_nugget":18,"ftbsbc:iron_auto_hammer":32,"minecraft:redstone_block":1798,"create:electron_tube":12,"minecraft:dark_oak_planks":92,"industrialforegoing:pity_black_hole_tank":2,"minecraft:coal_block":2360,"powah:dielectric_paste":272,"ironchest:gold_chest":158,"simplemagnets:basicmagnet":2,"projecte:archangel_smite":1,"ae2:certus_crystal_seed":2,"minecraft:dried_kelp":45,"functionalstorage:oak_4":4,"refinedstorage:wireless_transmitter":1,"industrialforegoing:mob_imprisonment_tool":2,"ftbstoneblock:3x_compressed_cobblestone":21,"minecraft:glowstone":896,"thermal:diamond_gear":212,"minecraft:cobblestone":1514,"minecraft:golden_apple":1,"thermal:lead_ingot":192,"ironchest:obsidian_chest":1,"thermal:cinnabar":1314,"mininggadgets:upgrade_fortune_2":10,"industrialforegoing:latex_processing_unit":3,"create:zinc_block":773,"projecte:gem_of_eternal_density":1,"minecraft:iron_leggings":1,"functionalstorage:storage_controller":1,"refinedstorage:stack_upgrade":91,"minecraft:oak_planks":14316,"createaddition:rolling_mill":1,"minecraft:sand":1701,"ftbstoneblock:2x_compressed_cobblestone":453,"avaritia:neutronium_block":24,"create:deployer":6,"mininggadgets:upgrade_battery_1":1,"ftbstoneblock:1x_compressed_dirt":419,"minecraft:hopper":92,"minecraft:iron_boots":1,"refinedstorage:4k_storage_part":6,"justhammers:diamond_hammer":12,"darkutils:filter_pet":4,"thermal:machine_pulverizer":2,"powah:energizing_rod_basic":1,"refinedstorage:pattern_grid":1,"refinedstorage:disk_drive":8,"minecraft:stone_hoe":2,"mekanism:elite_control_circuit":2,"mininggadgets:upgrade_battery_2":1,"ftbsbc:gold_hammer":22,"minecraft:oak_slab":252,"ftbsbc:diamond_hammer":28,"minecraft:crafting_table":453,"justhammers:reinforced_impact_core":8,"powah:capacitor_niotic":2,"minecraft:spruce_planks":1024,"ftbsbc:fire_plow":9,"prettypipes:medium_extraction_module":2,"create:sand_paper":1,"minecraft:gold_block":97,"industrialforegoing:enchantment_extractor":1,"minecraft:brewing_stand":66,"minecraft:birch_planks":116,"minecraft:pumpkin_seeds":1,"industrialforegoing:plant_fertilizer":1,"refinedstorage:basic_processor":0,"industrialforegoing:common_black_hole_unit":1,"rftoolsstorage:storage_module0":1,"farmersdelight:cutting_board":1,"avaritia:compressor":24,"ae2:facade":128,"minecraft:book":194,"minecraft:string":650,"minecraft:iron_chestplate":1,"powah:capacitor_hardened":2,"minecraft:paper":1878,"minecraft:charcoal":48,"minecraft:diamond_pickaxe":21,"minecraft:emerald_block":557,"mekanism:steel_casing":15,"minecraft:shield":1,"minecraft:light_weighted_pressure_plate":135,"rftoolsstorage:modular_storage":1,"ftbstoneblock:2x_compressed_sand":112,"minecraft:redstone_torch":462,"tconstruct:seared_bricks":67,"prettypipes:stack_size_module":2,"minecraft:shears":1,"refinedstorage:pattern":2,"minecraft:polished_andesite":184,"pipez:advanced_upgrade":64,"stonechest:part_cobblestone":304,"minecraft:coal":981,"ironfurnaces:gold_furnace":130,"rftoolsbase:machine_frame":101,"thermal:apatite_block":233,"refinedstorage:16k_storage_part":2,"industrialforegoing:stasis_chamber":4,"industrialforegoing:fluid_laser_base":2,"ftbstoneblock:2x_compressed_gravel":16,"createaddition:copper_spool":16,"powah:thermo_generator_hardened":1,"refinedstorage:quartz_enriched_iron":7284,"ftbstoneblock:1x_compressed_gravel":152,"minecraft:diamond_block":1276,"minecraft:glass_pane":128,"ftbsbc:diamond_auto_hammer":22,"refinedstorage:destruction_core":598,"projecte:aeternalis_fuel":58,"minecraft:leather":1,"minecraft:polished_deepslate":8,"prettypipes:item_terminal":1,"minecraft:iron_axe":9,"avaritia:compressed_crafting_table":49,"immersiveengineering:wirecutter":1,"minecraft:iron_hoe":2,"create:millstone":9,"tconstruct:seared_table":2,"create:fluid_tank":4,"immersiveengineering:component_iron":4,"chickens:breeder":26,"prettypipes:pipe":72,"powah:dielectric_rod_horizontal":84,"gag:hearthstone":1,"refinedstorage:1k_storage_part":54,"refinedstorage:1k_storage_disk":2,"minecraft:sugar":1971,"minecraft:red_dye":64,"minecraft:bone_block":176,"minecraft:diamond_sword":2,"minecraft:cyan_dye":1,"thermal:constantan_gear":2,"trashcans:liquid_trash_can":2,"mekanism:metallurgic_infuser":3,"luggage:luggage":2,"powah:energizing_orb":1,"minecraft:bowl":8,"farmersdelight:cabbage_seeds":1,"ironfurnaces:augment_factory":1,"minecraft:bucket":244,"minecraft:stone_axe":4,"minecraft:amethyst_block":69,"minecraft:air":0,"literalskyblock:void_block":8,"minecraft:bread":331,"refinedstorageaddons:wireless_crafting_grid":2,"refinedstorage:fluid_grid":2,"minecraft:blue_dye":326,"immersiveengineering:concrete":160,"powah:dielectric_rod":56,"projecte:alchemical_coal":900,"powah:thermo_generator_basic":8,"tconstruct:seared_ingot_gauge":1,"ftbstoneblock:1x_compressed_netherrack":458,"justhammers:iron_hammer":17,"minecraft:white_wool":256,"mininggadgets:upgrade_empty":64,"powah:thermo_generator_niotic":1,"minecraft:gold_nugget":18,"powah:battery_starter":1,"tconstruct:crafting_station":1,"projecte:iron_band":196,"pocketstorage:psu_3":1,"mininggadgets:upgrade_fortune_1":10,"laserio:overclocker_node":1,"industrialforegoing:mob_slaughter_factory":1,"refinedstorage:construction_core":655,"justhammers:impact_core":8,"chickens:roost":155,"create:zinc_ingot":6957,"minecraft:lapis_lazuli":10044,"minecraft:clay":81,"minecraft:lapis_block":1527,"minecraft:firework_rocket":126},"minecraft:custom":{"minecraft:interact_with_crafting_table":271,"minecraft:damage_blocked_by_shield":313,"minecraft:play_time":3749077,"minecraft:deaths":5,"minecraft:jump":29014,"minecraft:horse_one_cm":1519,"minecraft:inspect_dispenser":3,"minecraft:interact_with_anvil":7,"minecraft:inspect_hopper":376,"minecraft:time_since_rest":2867985,"minecraft:swim_one_cm":4881,"minecraft:open_chest":4152,"minecraft:damage_resisted":1,"minecraft:talked_to_villager":6,"minecraft:interact_with_brewingstand":9,"minecraft:interact_with_beacon":8,"minecraft:fill_cauldron":1,"minecraft:damage_taken":9942,"minecraft:aviate_one_cm":19163,"minecraft:open_barrel":211,"minecraft:eat_cake_slice":17,"minecraft:leave_game":34,"minecraft:time_since_death":2867961,"champions:champion_mobs_killed":660,"minecraft:enchant_item":13,"minecraft:interact_with_furnace":511,"minecraft:traded_with_villager":3,"minecraft:damage_dealt":35409,"minecraft:use_cauldron":101,"minecraft:interact_with_smithing_table":5,"minecraft:opened_chance_cube":3,"minecraft:sneak_time":110106,"minecraft:interact_with_lectern":2,"minecraft:interact_with_blast_furnace":1,"minecraft:total_world_time":3749077,"minecraft:interact_with_stonecutter":1,"minecraft:fly_one_cm":6743756,"minecraft:fall_one_cm":343612,"minecraft:animals_bred":11,"minecraft:sprint_one_cm":3480175,"minecraft:drop":2470,"minecraft:walk_on_water_one_cm":106884,"minecraft:crouch_one_cm":221884,"minecraft:mob_kills":700,"minecraft:climb_one_cm":67801,"minecraft:walk_one_cm":8655035,"minecraft:walk_under_water_one_cm":43568,"minecraft:damage_absorbed":1010,"minecraft:trigger_trapped_chest":18},"minecraft:dropped":{"industrialforegoing:plastic":32,"thermal:diamond_gear":21,"minecraft:lapis_lazuli":100,"minecraft:diamond":133,"minecraft:weeping_vines":1,"refinedstorage:exporter":3,"botania:blood_pendant":2,"minecraft:emerald":15,"thermal:netherite_nugget":224,"minecraft:sand":10502,"industrialforegoing:machine_frame_pity":13,"minecraft:iron_nugget":4,"projecte:red_matter_block":80,"extendedexchange:alchemy_table":1,"compactmachines:personal_shrinking_device":1,"bloodmagic:sacrificialdagger":2,"minecraft:glass":2,"ars_nouveau:arcane_bricks":2,"minecraft:wheat_seeds":166,"pipez:basic_upgrade":1,"minecraft:clock":1,"ftbstoneblock:2x_compressed_gravel":8,"industrialforegoing:gold_gear":13,"minecraft:lava_bucket":1,"ftbstoneblock:stonepebble":11,"ftbstoneblock:2x_compressed_cobblestone":1,"minecraft:iron_boots":1,"industrialforegoing:range_addon0":2,"immersiveengineering:hammer":1,"minecraft:diamond_sword":1,"minecraft:spruce_planks":106,"create:zinc_ingot":2,"minecraft:bow":1,"pipez:wrench":3,"refinedstorage:stack_upgrade":51,"minecraft:soul_sand":1542,"minecraft:oak_log":80,"minecraft:ender_pearl":151,"minecraft:nether_star":1728,"luggage:luggage":1,"ftbstoneblock:mob_soul":56,"minecraft:redstone_lamp":61,"ftbstoneblock:1x_compressed_cobblestone":512,"ars_nouveau:novice_hood":1,"minecraft:gold_ingot":71,"patchouli:guide_book":3,"thermal:tin_ingot":256,"thermal:raw_silver":2,"minecraft:beetroot_seeds":72,"immersiveengineering:creosote_bucket":1,"create:andesite_alloy":17,"minecraft:bread":1,"create:zinc_nugget":198,"bloodmagic:daggerofsacrifice":1,"simplybackpacks:commonbackpack":1,"ironfurnaces:netherite_furnace":48,"gag:hearthstone":1,"minecraft:andesite":890,"minecraft:oak_sapling":27,"ae2:certus_quartz_dust":7,"industrialforegoing:efficiency_addon_2":1,"refinedstorageaddons:wireless_crafting_grid":4,"ftbquests:lootcrate":1,"tconstruct:seared_stone":1,"ftbstoneblock:incomplete_raw_basic_processor":4,"botania:apothecary_default":1,"create:cogwheel":36,"minecraft:dirt":192,"ftbstoneblock:incomplete_raw_improved_processor":1,"constructionwand:iron_wand":1,"projecte:philosophers_stone":1,"thermal:raw_tin":6,"minecraft:nether_brick":26,"minecraft:end_stone":64,"minecraft:blaze_powder":2,"justhammers:iron_hammer":2,"create:wrench":1,"ftbsbc:iron_auto_hammer":1,"mininggadgets:mininggadget":1,"industrialforegoing:machine_frame_advanced":1,"minecraft:egg":1,"minecraft:iron_ingot":5671,"ftbstoneblock:crushed_endstone":2964,"minecraft:copper_block":10,"farmersdelight:skillet":1,"minecraft:feather":64,"minecraft:cobblestone":4274,"minecraft:granite":258,"minecraft:coal":2,"chickens:chicken_item":1031,"thermal:lead_ingot":192,"minecraft:paper":3,"minecraft:string":1,"minecraft:furnace":3,"minecraft:moss_carpet":4,"ars_nouveau:source_berry":1,"minecraft:netherite_ingot":718,"snad:snad":48,"botania:mana_tablet":2,"minecraft:potato":63,"minecraft:cobblestone_slab":53,"minecraft:stone":9,"ftbstoneblock:dust":13041,"industrialforegoing:range_addon9":1,"ironchest:crystal_chest":53,"ae2:certus_quartz_crystal":1,"ars_nouveau:warp_scroll":2,"immersiveengineering:blueprint":1,"minecraft:flint":1,"minecraft:netherite_scrap":2,"bloodmagic:infusedslate":1,"create:large_cogwheel":3,"industrialforegoing:straw":1,"minecraft:gravel":12911,"minecraft:chainmail_boots":1,"create:brass_ingot":36,"tconstruct:sky_slime_crystal":6,"immersiveengineering:seed":31,"minecraft:netherrack":211,"extendedexchange:lime_matter":1,"justhammers:diamond_hammer":3,"minecraft:water_bucket":2,"minecraft:diamond_leggings":1,"minecraft:copper_ingot":642,"powah:battery_basic":3,"minecraft:stick":73,"ftbsbc:stone_hammer":2,"minecraft:diorite":18,"minecraft:torch":1,"refinedstorage:external_storage":4,"refinedstorage:processor_binding":2,"chickens:liquid_egg":30,"minecraft:redstone":32,"minecraft:smooth_basalt":55,"botania:ender_hand":1,"mekanismtools:diamond_paxel":2,"bloodmagic:blankslate":55,"create:shaft":1,"minecraft:blaze_rod":21,"minecraft:raw_copper":4,"tconstruct:blank_sand_cast":567,"minecraft:tuff":143,"minecraft:raw_iron":15,"minecraft:glass_pane":26,"create:veridium":9,"thermal:niter":4,"simplemagnets:basicmagnet":1},"minecraft:broken":{"justhammers:diamond_hammer":7,"ftbsbc:fire_plow":8,"minecraft:stone_hoe":1,"minecraft:iron_pickaxe":2,"justhammers:netherite_destructor_hammer":1,"minecraft:stone_pickaxe":7,"minecraft:stone_axe":1,"justhammers:iron_hammer":8,"ftbsbc:iron_hammer":1,"ftbsbc:stone_hammer":8,"create:sand_paper":1}},"DataVersion":2975}