{"stats":{"minecraft:custom":{"minecraft:interact_with_furnace":51,"minecraft:mob_kills":6,"minecraft:traded_with_villager":1,"minecraft:interact_with_crafting_table":46,"minecraft:open_barrel":1,"minecraft:eat_cake_slice":17,"minecraft:leave_game":2,"minecraft:time_since_death":124629,"minecraft:opened_chance_cube":1,"minecraft:time_since_rest":124629,"champions:champion_mobs_killed":6,"minecraft:sprint_one_cm":62815,"minecraft:walk_one_cm":348934,"minecraft:damage_taken":300,"minecraft:damage_absorbed":1010,"minecraft:drop":39,"minecraft:damage_dealt":533,"minecraft:talked_to_villager":4,"minecraft:fly_one_cm":100206,"minecraft:open_chest":93,"minecraft:crouch_one_cm":14401,"minecraft:play_time":124629,"minecraft:sneak_time":5585,"minecraft:jump":798,"minecraft:walk_on_water_one_cm":2969,"minecraft:total_world_time":124629,"minecraft:use_cauldron":8,"minecraft:fall_one_cm":14576},"minecraft:crafted":{"stonechest:part_cobblestone":4,"minecraft:oak_slab":6,"minecraft:oak_planks":44,"minecraft:cauldron":1,"minecraft:crafting_table":1,"minecraft:gravel":45,"ftbsbc:stone_rod":20,"minecraft:furnace":1,"ftbsbc:fire_plow":1,"stonechest:chest_cobblestone":1,"minecraft:stone":64,"minecraft:dirt":18,"minecraft:bucket":2,"minecraft:birch_planks":36,"minecraft:pumpkin_seeds":1,"minecraft:stone_axe":3,"cobblefordays:tier_1":1,"minecraft:air":0,"minecraft:glass":0,"ftbstoneblock:1x_compressed_cobblestone":63,"minecraft:cobblestone":587,"minecraft:charcoal":48,"minecraft:stick":12,"minecraft:iron_ingot":0,"ftbsbc:stone_hammer":6,"minecraft:stone_pickaxe":7,"minecraft:chest":3,"minecraft:oak_button":1,"ftbstoneblock:1x_compressed_stone":7,"minecraft:torch":44,"minecraft:stone_hoe":2,"ftbdripper:dripper":1,"create:zinc_ingot":0,"minecraft:shears":1,"minecraft:birch_sign":3},"minecraft:used":{"stonechest:chest_cobblestone":1,"minecraft:water_bucket":4,"ironfurnaces:gold_furnace":1,"ftbsbc:fire_plow":1,"minecraft:stone_pickaxe":801,"ftbsbc:stone_hammer":709,"minecraft:chest":4,"minecraft:cauldron":1,"minecraft:stone_hoe":72,"minecraft:oak_leaves":6,"minecraft:torch":22,"minecraft:stick":1,"minecraft:dirt":97,"minecraft:sand":5,"minecraft:comparator":6,"minecraft:crafting_table":1,"minecraft:birch_sign":2,"minecraft:shears":55,"minecraft:pumpkin_seeds":1,"minecraft:lava_bucket":2,"createaddition:chocolate_cake":4,"chancecubes:chance_cube":1,"minecraft:birch_sapling":12,"minecraft:gravel":83,"minecraft:stone_axe":114,"cobblefordays:tier_1":1,"farmersdelight:basket":2,"minecraft:cobblestone":130,"minecraft:oak_sapling":13,"minecraft:furnace":1,"ftbdripper:dripper":1,"minecraft:bucket":10,"minecraft:andesite":1,"minecraft:egg":2,"ftbstoneblock:dust":4,"ironchest:crystal_chest":2},"minecraft:killed":{"minecraft:silverfish":6},"minecraft:mined":{"farmersdelight:basket":1,"minecraft:comparator":6,"minecraft:clay":4,"minecraft:torch":6,"minecraft:infested_cobblestone":1,"minecraft:chest":1,"minecraft:cobblestone":122,"minecraft:wall_torch":1,"ftbstoneblock:dust":4,"botania:apothecary_default":1,"minecraft:birch_log":71,"minecraft:andesite":1,"minecraft:birch_leaves":4,"supplementaries:stick":1,"minecraft:oak_log":53,"create:hand_crank":1,"minecraft:gravel":84,"minecraft:sand":5,"minecraft:dirt":7,"minecraft:stone":1310,"minecraft:oak_leaves":60},"minecraft:broken":{"minecraft:stone_pickaxe":5,"ftbsbc:stone_hammer":4},"minecraft:picked_up":{"minecraft:birch_log":69,"ftbstoneblock:dust":8,"ftbstoneblock:stonepebble":45,"minecraft:water_bucket":1,"minecraft:clay_ball":16,"minecraft:andesite":1,"minecraft:oak_log":54,"minecraft:dirt":83,"minecraft:comparator":6,"minecraft:chest":1,"minecraft:birch_sapling":33,"minecraft:egg":2,"farmersdelight:basket":1,"minecraft:stick":41,"ironchest:crystal_chest":1,"minecraft:torch":9,"minecraft:gravel":127,"minecraft:sand":5,"ftbsbc:stone_hammer":1,"minecraft:stone_sword":1,"botania:apothecary_default":1,"minecraft:emerald":2,"minecraft:gold_ingot":1,"minecraft:oak_sapling":31,"minecraft:oak_leaves":13,"minecraft:cobblestone":1288},"minecraft:dropped":{"minecraft:gravel":171,"minecraft:oak_log":16,"farmersdelight:skillet":1,"botania:apothecary_default":1,"ftbsbc:stone_hammer":1,"minecraft:water_bucket":1}},"DataVersion":2975}