{"stats":{"minecraft:custom":{"minecraft:interact_with_crafting_table":269,"minecraft:open_barrel":61,"minecraft:eat_cake_slice":17,"minecraft:leave_game":16,"minecraft:time_since_death":398877,"champions:champion_mobs_killed":181,"minecraft:damage_blocked_by_shield":33,"minecraft:play_time":1279993,"minecraft:deaths":5,"minecraft:jump":10504,"minecraft:interact_with_furnace":201,"minecraft:traded_with_villager":1,"minecraft:damage_dealt":11308,"minecraft:use_cauldron":21,"minecraft:inspect_hopper":139,"minecraft:opened_chance_cube":3,"minecraft:sneak_time":22045,"minecraft:interact_with_blast_furnace":1,"minecraft:total_world_time":1279993,"minecraft:time_since_rest":398901,"minecraft:swim_one_cm":546,"minecraft:fly_one_cm":2334476,"minecraft:open_chest":2812,"minecraft:fall_one_cm":103273,"minecraft:animals_bred":11,"minecraft:sprint_one_cm":1322221,"minecraft:drop":1023,"minecraft:talked_to_villager":4,"minecraft:walk_on_water_one_cm":41886,"minecraft:crouch_one_cm":43679,"minecraft:mob_kills":191,"minecraft:fill_cauldron":1,"minecraft:climb_one_cm":38409,"minecraft:walk_one_cm":3259065,"minecraft:walk_under_water_one_cm":11497,"minecraft:damage_taken":4360,"minecraft:damage_absorbed":1010,"minecraft:trigger_trapped_chest":3},"minecraft:killed_by":{"minecraft:witch":1},"minecraft:mined":{"create:andesite_casing":9,"tconstruct:seared_drain":1,"minecraft:carved_pumpkin":6,"ftbstoneblock:1x_compressed_gravel":12,"minecraft:hopper":30,"minecraft:spawner":6,"industrialforegoing:plant_gatherer":3,"ironchest:crystal_chest":10,"minecraft:magma_block":61,"minecraft:barrel":24,"pipez:fluid_pipe":4,"minecraft:pumpkin":14,"tconstruct:seared_melter":2,"minecraft:cave_vines":2,"ftbdripper:dripper":6,"stonechest:chest_cobblestone":59,"create:mechanical_press":7,"minecraft:tripwire":1,"create:cogwheel":37,"tconstruct:part_builder":2,"mekanism:osmium_ore":8,"minecraft:kelp_plant":2,"pipez:energy_pipe":11,"ironfurnaces:iron_furnace":1,"minecraft:torch":50,"minecraft:blast_furnace":1,"minecraft:melon":5,"minecraft:sugar_cane":7,"create:basin":4,"tconstruct:seared_faucet":6,"minecraft:wheat":91,"create:mechanical_mixer":3,"minecraft:pumpkin_stem":7,"create:hand_crank":3,"immersiveengineering:conveyor_basic":4,"minecraft:attached_pumpkin_stem":1,"farmersdelight:basket":2,"create:millstone":10,"minecraft:dark_oak_log":1,"refinedstorage:exporter":1,"create:encased_fan":6,"industrialforegoing:fluid_extractor":3,"create:shaft":10,"tconstruct:seared_stone":2,"minecraft:andesite":26,"minecraft:potatoes":128,"minecraft:cobblestone_slab":65,"minecraft:vine":4,"create:deployer":12,"minecraft:oak_slab":5,"minecraft:hanging_roots":1,"minecraft:comparator":6,"minecraft:soul_sand":1,"industrialforegoing:common_black_hole_unit":1,"ftbstoneblock:2x_compressed_dirt":46,"create:water_wheel":17,"minecraft:campfire":12,"tconstruct:smeltery_controller":6,"minecraft:spruce_log":206,"minecraft:birch_leaves":4,"minecraft:gravel":118,"minecraft:cobweb":51,"mekanism:electric_pump":1,"ftbstoneblock:1x_compressed_cobblestone":54,"ftbstoneblock:2x_compressed_gravel":47,"minecraft:attached_melon_stem":1,"minecraft:farmland":1,"tconstruct:tinker_station":2,"industrialforegoing:plant_sower":1,"ftbstoneblock:1x_compressed_endstone":188,"tconstruct:seared_bricks":2,"minecraft:cave_vines_plant":1,"minecraft:infested_cobblestone":1,"tconstruct:seared_channel":12,"ftbstoneblock:1x_compressed_dirt":4,"minecraft:composter":10,"cobblefordays:tier_1":1,"tconstruct:seared_table":16,"refinedstorage:grid":2,"botania:apothecary_default":1,"ironfurnaces:gold_furnace":3,"ftbsbc:gold_auto_hammer":4,"minecraft:anvil":1,"supplementaries:stick":12,"minecraft:pointed_dripstone":14,"minecraft:birch_wall_sign":1,"minecraft:melon_stem":1,"minecraft:clay":17,"minecraft:chest":13,"create:brass_casing":1,"minecraft:cobblestone":743,"minecraft:oak_planks":7,"minecraft:wall_torch":45,"minecraft:cauldron":10,"minecraft:seagrass":1,"minecraft:birch_log":91,"ftbstoneblock:2x_compressed_cobblestone":74,"ironchest:diamond_chest":3,"minecraft:tnt":1,"minecraft:oak_log":115,"immersiveengineering:fluid_pump":2,"minecraft:beetroots":390,"minecraft:sand":6,"minecraft:dirt":17,"tconstruct:seared_heater":2,"minecraft:netherrack":4,"minecraft:oak_leaves":65,"minecraft:tuff":5,"torchmaster:megatorch":1,"minecraft:ladder":19,"minecraft:lever":1,"gravestone:gravestone":5,"create:large_cogwheel":38,"create:depot":5,"refinedstorage:cable":2,"supplementaries:faucet":5,"minecraft:spruce_leaves":14,"ftbstoneblock:dust":4,"createaddition:rolling_mill":2,"minecraft:spruce_sapling":1,"minecraft:furnace":3,"minecraft:stripped_spruce_log":2,"rftoolspower:coalgenerator":6,"mekanism:basic_fluid_tank":1,"ftbsbc:iron_auto_hammer":14,"minecraft:stone":1674,"minecraft:stripped_dark_oak_log":4,"pipez:item_pipe":5,"minecraft:crafting_table":10,"ftbstoneblock:1x_compressed_sand":9,"tconstruct:seared_basin":9,"ironfurnaces:diamond_furnace":3,"ftbstoneblock:2x_compressed_sand":29,"minecraft:beehive":5,"create:smart_chute":2},"minecraft:broken":{"justhammers:diamond_hammer":6,"ftbsbc:fire_plow":8,"minecraft:stone_hoe":1,"minecraft:iron_pickaxe":2,"ftbsbc:stone_hammer":8,"minecraft:stone_pickaxe":7,"minecraft:stone_axe":1,"justhammers:iron_hammer":8,"ftbsbc:iron_hammer":1,"create:sand_paper":1},"minecraft:picked_up":{"minecraft:blue_candle":18,"minecraft:iron_chestplate":1,"torchmaster:feral_flare_lantern":4,"minecraft:chainmail_boots":4,"mob_grinding_utils:fan_upgrade_width":3,"minecraft:creeper_head":1,"minecraft:anvil":2,"minecraft:diamond_sword":3,"minecraft:enchanted_book":4,"thermal:energy_cell_frame":2,"refinedstorage:grid":2,"farmersdelight:cutting_board":2,"minecraft:string":127,"tconstruct:smeltery_controller":6,"gag:hearthstone":2,"pipez:energy_pipe":11,"minecraft:beetroot":634,"create:water_wheel":17,"minecraft:diamond_leggings":1,"mekanism:upgrade_speed":8,"minecraft:gold_nugget":31,"minecraft:cobbled_deepslate":1439,"minecraft:spruce_planks":1,"industrialforegoing:laser_lens3":1,"thermal:rf_potato":2,"snad:suol_snad":3,"minecraft:melon_slice":31,"minecraft:coal_block":124,"supplementaries:bomb_spiky":2,"minecraft:beehive":16,"ftbstoneblock:mob_soul":56,"minecraft:composter":21,"create:andesite_casing":15,"entangled:item":1,"minecraft:golden_axe":1,"tconstruct:seared_faucet":8,"ironchest:diamond_chest":4,"minecraft:cauldron":11,"thermal:apatite":1368,"ftbstoneblock:1x_compressed_stone":2,"tconstruct:sky_slime_crystal":78,"minecraft:stone_sword":9,"minecraft:honey_bottle":22,"ars_nouveau:worn_notebook":2,"minecraft:carved_pumpkin":6,"farmersdelight:rope":13,"botania:livingwood_log":4,"powah:battery_starter":2,"mekanism:basic_fluid_tank":1,"minecraft:blaze_rod":7,"minecraft:iron_bars":13,"ftbstoneblock:1x_compressed_cobblestone":615,"minecraft:birch_log":89,"industrialforegoing:item_transporter_type":4,"minecraft:magma_block":114,"industrialforegoing:range_addon3":1,"minecraft:birch_slab":4,"botania:manasteel_boots":1,"minecraft:iron_door":5,"minecraft:water_bucket":1,"ars_nouveau:source_berry":3,"minecraft:copper_block":10,"minecraft:powder_snow_bucket":8,"minecraft:flint":1496,"ftbstoneblock:2x_compressed_gravel":23,"simplybackpacks:commonbackpack":2,"luggage:luggage":3,"minecraft:glow_squid_spawn_egg":1,"minecraft:brown_candle":6,"mob_grinding_utils:solid_xp_baby":12,"minecraft:chipped_anvil":2,"pipez:fluid_pipe":12,"ftbstoneblock:1x_compressed_sand":2,"chickens:catcher":2,"ftbquests:book":1,"minecraft:dark_oak_sign":2,"tconstruct:seared_table":15,"create:shaft":15,"tconstruct:blank_sand_cast":320,"minecraft:diamond_helmet":1,"minecraft:glowstone_dust":122,"minecraft:moss_block":8,"create:super_glue":1,"functionalstorage:compacting_drawer":4,"patchouli:guide_book":2,"tconstruct:ingot_sand_cast":1,"ae2:certus_quartz_crystal":1,"botania:blaze_block":7,"minecraft:stripped_spruce_log":2,"minecraft:fermented_spider_eye":5,"minecraft:dark_oak_log":3,"minecraft:barrel":47,"ars_nouveau:wilden_horn":4,"ftbsbc:stone_hammer":2,"minecraft:iron_hoe":7,"createaddition:brass_rod":6,"minecraft:polished_andesite":111,"minecraft:dispenser":4,"farmersdelight:glow_berry_custard":3,"minecraft:lever":5,"minecraft:granite":384,"chiselsandbits:bit_bag":2,"minecraft:bread":7,"immersiveengineering:conveyor_basic":12,"ae2:silicon":30,"minecraft:crafting_table":10,"minecraft:clay_ball":789,"minecraft:leather_leggings":2,"gravestone:obituary":8,"ars_nouveau:archwood_slab":3,"minecraft:cornflower":21,"immersiveengineering:manual":2,"minecraft:flint_and_steel":1,"thermal:raw_nickel":378,"pipez:advanced_upgrade":4,"justhammers:iron_impact_hammer":1,"refinedstorage:exporter":1,"minecraft:glass_pane":15,"supplementaries:bomb":2,"minecraft:respawn_anchor":2,"immersiveengineering:fluid_pump":2,"thermal:niter":187,"minecraft:iron_nugget":3728,"ironfurnaces:diamond_furnace":3,"mininggadgets:mininggadget":2,"minecraft:chest":13,"minecraft:birch_sapling":88,"minecraft:piston":4,"minecraft:egg":257,"ars_nouveau:purple_archwood_log":7,"minecraft:stone":7,"pipez:item_pipe":5,"minecraft:spruce_fence":5,"minecraft:fire_charge":22,"farmersdelight:tomato_seeds":16,"minecraft:cake":3,"ftbsbc:stone_rod":125,"minecraft:redstone":406,"create:brass_casing":1,"industrialforegoing:range_addon7":2,"minecraft:diamond_chestplate":1,"industrialforegoing:plant_gatherer":3,"immersiveengineering:cloche":3,"minecraft:beetroot_seeds":1524,"ironfurnaces:gold_furnace":3,"mob_grinding_utils:ender_inhibitor_on":1,"botania:apothecary_default":1,"minecraft:shears":1,"minecraft:diamond_boots":1,"create:depot":5,"minecraft:gold_ingot":19,"tconstruct:earth_slime_sapling":1,"minecraft:glow_berries":6,"mekanism:electric_pump":1,"rftoolspower:coalgenerator":6,"minecraft:fox_spawn_egg":3,"minecraft:red_mushroom":15,"functionalstorage:redstone_upgrade":2,"ars_nouveau:wilden_wing":5,"minecraft:oak_log":116,"botania:orange_petal":1,"chiselsandbits:magnifying_glass":1,"farmersdelight:skillet":2,"minecraft:paper":10,"bloodmagic:weakbloodorb":2,"pipez:basic_upgrade":4,"minecraft:apple":14,"tconstruct:seared_heater":2,"minecraft:kelp":5,"minecraft:music_disc_far":1,"minecraft:stone_pickaxe":2,"ftbsbc:iron_hammer":4,"minecraft:cobweb":34,"mekanism:steel_casing":2,"bloodmagic:sacrificialdagger":1,"stonechest:chest_cobblestone":85,"laserio:card_fluid":2,"ftbstoneblock:1x_compressed_gravel":6,"minecraft:smooth_basalt":64,"minecraft:milk_bucket":9,"projecte:mobius_fuel":3,"minecraft:spyglass":1,"minecraft:gravel":11369,"laserio:card_item":2,"powah:uraninite_raw":10,"minecraft:spruce_sapling":54,"minecraft:orange_candle":54,"minecraft:spruce_log":206,"justhammers:diamond_hammer":3,"pocketstorage:psu_1":1,"create:millstone":10,"experienceobelisk:experience_obelisk":1,"minecraft:slime_ball":89,"ftbsbc:stone_crook":1,"minecraft:stone_axe":1,"create:smart_chute":2,"minecraft:birch_sign":5,"tconstruct:seared_melter":2,"minecraft:warped_roots":3,"minecraft:baked_potato":104,"minecraft:melon_seeds":38,"minecraft:stripped_dark_oak_log":3,"immersiveengineering:hammer":1,"minecraft:hopper":36,"minecraft:ender_pearl":73,"tconstruct:seared_drain":1,"minecraft:wheat":269,"constructionwand:diamond_wand":1,"create:mechanical_crafter":3,"industrialforegoing:plant_sower":1,"prettypipes:wrench":1,"minecraft:potion":2,"minecraft:stone_brick_stairs":1,"chancecubes:silk_touch_pendant":1,"tconstruct:mighty_smelting":3,"laserio:card_energy":2,"minecraft:raw_copper":959,"minecraft:iron_leggings":1,"bloodmagic:altar":1,"minecraft:oak_sign":9,"thermal:sulfur":243,"cobblefordays:tier_1":1,"create:mechanical_press":7,"minecraft:comparator":12,"minecraft:bucket":12,"minecraft:cobblestone_slab":172,"minecraft:iron_pickaxe":4,"functionalstorage:linking_tool":1,"prettypipes:random_sorting_modifier":1,"minecraft:furnace":5,"pipez:improved_upgrade":8,"minecraft:tipped_arrow":7,"minecraft:stick":194,"botania:lexicon":4,"industrialforegoing:fluid_transporter_type":4,"create:mechanical_mixer":4,"ironchest:crystal_chest":13,"minecraft:oak_fence":6,"thermal:raw_lead":11,"minecraft:torch":236,"ftbstoneblock:crushed_endstone":2964,"mekanismtools:bronze_paxel":3,"minecraft:target":4,"minecraft:pointed_dripstone":41,"minecraft:diorite":141,"tconstruct:flint_shuriken":83,"fluxnetworks:basic_flux_storage":1,"pipez:wrench":1,"create:large_cogwheel":39,"snad:snad":48,"minecraft:cactus":7,"minecraft:rotten_flesh":18,"create:veridium":9,"minecraft:chorus_flower":48,"refinedstorage:processor_binding":17,"minecraft:blaze_powder":5,"minecraft:cobblestone":28175,"tconstruct:seared_bricks":39,"ftbstoneblock:dust":2485,"minecraft:leather_chestplate":3,"minecraft:repeater":6,"minecraft:andesite":1498,"minecraft:potato":625,"minecraft:tuff":87,"laserio:card_redstone":4,"create:raw_zinc":98,"minecraft:lapis_lazuli":4339,"minecraft:dirt":8216,"thermal:upgrade_augment_1":1,"constructionwand:iron_wand":1,"powah:dielectric_paste":187,"mekanismtools:gold_paxel":1,"createaddition:alternator":1,"minecraft:leather_boots":3,"minecraft:glass":288,"minecraft:bone":29,"ftbdripper:dripper":11,"minecraft:raw_gold":680,"minecraft:bow":2,"minecraft:wheat_seeds":439,"powah:battery_basic":1,"itemcollectors:advanced_collector":1,"ftbsbc:iron_auto_hammer":14,"minecraft:bamboo":5,"ironfurnaces:iron_furnace":1,"minecraft:oak_planks":11,"minecraft:stone_hoe":1,"farmersdelight:basket":3,"thermal:raw_tin":6,"mekanism:upgrade_energy":4,"create:cogwheel":43,"justhammers:iron_hammer":4,"minecraft:poisonous_potato":8,"tempad:tempad":1,"minecraft:sand":7923,"mob_grinding_utils:fan":2,"minecraft:sugar":4,"minecraft:clay":3,"tconstruct:seared_basin":8,"minecraft:diamond":426,"darkutils:vector_plate":4,"minecraft:polished_blackstone_button":7,"chancecubes:chance_cube":8,"minecraft:crossbow":2,"minecraft:bone_meal":669,"minecraft:golden_apple":2,"minecraft:emerald":416,"minecraft:oak_sapling":145,"minecraft:netherrack":5009,"minecraft:oak_leaves":62,"minecraft:charcoal":24,"minecraft:ladder":60,"thermal:raw_silver":524,"minecraft:rabbit_stew":1,"tconstruct:seared_channel":17,"industrialforegoing:fluid_extractor":3,"thermal:cinnabar":956,"minecraft:brown_mushroom":12,"torchbowmod:torchbow":1,"industrialforegoing:common_black_hole_unit":1,"mob_grinding_utils:wither_muffler":2,"createaddition:rolling_mill":3,"minecraft:chain":34,"minecraft:shield":2,"tconstruct:earth_slime_crystal":66,"ars_nouveau:archwood_planks":2,"ars_nouveau:amplify_arrow":64,"immersiveengineering:ingot_aluminum":1,"ftbquests:lootcrate":14,"thermal:fluid_cell_frame":2,"minecraft:iron_axe":1,"mekanismtools:steel_paxel":1,"ars_nouveau:source_berry_pie":1,"minecraft:candle":69,"justhammers:diamond_reinforced_hammer":1,"create:basin":5,"minecraft:sugar_cane":20,"minecraft:dark_oak_sapling":1,"prettypipes:low_speed_module":2,"minecraft:raw_iron":127,"minecraft:end_stone":4558,"thermal:ender_grenade":1,"minecraft:copper_ingot":65,"minecraft:bowl":12,"minecraft:stone_button":3,"minecraft:trident":2,"create:hand_crank":5,"soulshards:vile_sword":2,"create:zinc_ingot":2,"minecraft:dark_oak_planks":2,"create:deployer":12,"ftbstoneblock:2x_compressed_cobblestone":211,"minecraft:lime_candle":36,"minecraft:arrow":43,"ae2:certus_quartz_dust":508,"minecraft:pumpkin_pie":16,"industrialforegoing:straw":2,"tconstruct:tinker_station":2,"ftbstoneblock:cold_silverfish_shard":40,"minecraft:saddle":1,"tconstruct:puny_smelting":6,"supplementaries:faucet":7,"minecraft:skeleton_skull":1,"ftbstoneblock:stonepebble":73,"minecraft:golden_carrot":7,"minecraft:glow_ink_sac":12,"tconstruct:part_builder":1,"botania:cosmetic_tiny_potato_mask":1,"minecraft:chainmail_chestplate":1,"create:andesite_alloy":17,"minecraft:gunpowder":64,"minecraft:cobblestone_stairs":130,"tconstruct:ender_slime_crystal":37,"ae2:sky_dust":150,"rftoolsbase:dimensionalshard":30,"minecraft:iron_ingot":114,"fluxnetworks:flux_controller":1,"refinedstorage:cable":2,"tconstruct:bacon":32,"minecraft:soul_sand":1528,"tconstruct:seared_stone":5,"ftbsbc:gold_auto_hammer":4,"minecraft:oak_slab":10,"chiselsandbits:chiseledrock":1,"minecraft:warped_fungus":1,"minecraft:black_candle":16,"minecraft:pumpkin":27,"ars_nouveau:red_archwood_sapling":1,"minecraft:quartz":160,"minecraft:amethyst_shard":120,"minecraft:blast_furnace":1,"mekanism:raw_osmium":30,"minecraft:spider_eye":4,"prettypipes:high_speed_module":2,"powah:dielectric_rod_horizontal":1,"ars_nouveau:wilden_spike":3,"minecraft:pumpkin_seeds":89,"create:brass_ingot":5,"create:zinc_nugget":275,"create:encased_fan":6,"minecraft:iron_helmet":2,"mekanism:fluorite_gem":358,"tconstruct:pattern":1,"minecraft:coal":37},"minecraft:killed":{"minecraft:skeleton":6,"minecraft:chicken":2,"minecraft:zombie":10,"minecraft:vindicator":2,"minecraft:witch":3,"minecraft:spider":5,"minecraft:silverfish":14,"minecraft:creeper":2,"minecraft:slime":128,"ars_nouveau:summon_wolf":7,"ars_nouveau:wilden_stalker":4,"ars_nouveau:wilden_hunter":7},"minecraft:dropped":{"simplemagnets:basicmagnet":1,"tconstruct:seared_stone":1,"minecraft:lapis_lazuli":55,"botania:apothecary_default":1,"create:cogwheel":20,"minecraft:dirt":95,"minecraft:sand":9539,"thermal:raw_tin":6,"justhammers:iron_hammer":2,"ftbsbc:iron_auto_hammer":1,"mininggadgets:mininggadget":1,"minecraft:iron_ingot":37,"ftbstoneblock:crushed_endstone":2964,"minecraft:wheat_seeds":1,"minecraft:clock":1,"minecraft:copper_block":10,"farmersdelight:skillet":1,"ftbstoneblock:2x_compressed_gravel":8,"minecraft:cobblestone":3818,"minecraft:granite":258,"ftbstoneblock:stonepebble":11,"minecraft:furnace":3,"ars_nouveau:source_berry":1,"minecraft:iron_boots":1,"snad:snad":48,"immersiveengineering:hammer":1,"minecraft:diamond_sword":1,"minecraft:cobblestone_slab":53,"minecraft:spruce_planks":106,"create:zinc_ingot":2,"ftbstoneblock:dust":4648,"minecraft:bow":1,"pipez:wrench":1,"ae2:certus_quartz_crystal":1,"minecraft:soul_sand":1524,"minecraft:oak_log":16,"luggage:luggage":1,"minecraft:flint":1,"ftbstoneblock:mob_soul":56,"ftbstoneblock:1x_compressed_cobblestone":512,"industrialforegoing:straw":1,"ars_nouveau:novice_hood":1,"minecraft:gravel":9813,"thermal:raw_silver":2,"minecraft:chainmail_boots":1,"create:brass_ingot":36,"tconstruct:sky_slime_crystal":6,"minecraft:netherrack":150,"create:andesite_alloy":17,"minecraft:water_bucket":1,"justhammers:diamond_hammer":2,"create:zinc_nugget":198,"minecraft:copper_ingot":65,"simplybackpacks:commonbackpack":1,"minecraft:stick":73,"ftbsbc:stone_hammer":2,"minecraft:diorite":18,"minecraft:torch":1,"refinedstorage:processor_binding":2,"minecraft:redstone":2,"minecraft:smooth_basalt":55,"minecraft:raw_copper":4,"tconstruct:blank_sand_cast":567,"minecraft:tuff":80,"minecraft:raw_iron":15,"create:veridium":9,"gag:hearthstone":1,"minecraft:andesite":787,"minecraft:oak_sapling":27,"ae2:certus_quartz_dust":7,"ftbquests:lootcrate":1,"thermal:niter":4},"minecraft:crafted":{"pipez:wrench":1,"tconstruct:scorched_fuel_gauge":1,"immersiveengineering:hammer":2,"minecraft:oak_sign":9,"immersiveengineering:fluid_pipe":8,"pipez:item_pipe":32,"industrialforegoing:iron_gear":3,"ironfurnaces:iron_furnace":2,"stonechest:chest_cobblestone":75,"minecraft:lever":1,"mekanismgenerators:heat_generator":1,"ironfurnaces:diamond_furnace":3,"ironchest:crystal_chest":13,"tconstruct:seared_melter":1,"minecraft:glass":0,"minecraft:diamond_helmet":1,"minecraft:diamond_leggings":1,"refinedstorage:crafting_grid":1,"create:mechanical_press":3,"refinedstorage:grid":2,"industrialforegoing:plant_sower":1,"minecraft:iron_door":3,"refinedstorage:processor_binding":112,"snad:snad":16,"ftbstoneblock:1x_compressed_stone":14,"create:cogwheel":48,"tconstruct:flint_shuriken":128,"minecraft:flower_pot":1,"torchmaster:megatorch":2,"minecraft:glass_bottle":3,"create:rose_quartz":10,"minecraft:gravel":45,"tconstruct:blank_sand_cast":200,"ftbsbc:stone_rod":44,"minecraft:clock":1,"ironfurnaces:augment_blasting":1,"minecraft:copper_ingot":252,"ftbstoneblock:2x_compressed_endstone":44,"tconstruct:scorched_alloyer":1,"create:mechanical_mixer":1,"industrialforegoing:fluid_extractor":3,"ftbsbc:stone_hammer":8,"minecraft:iron_block":321,"minecraft:gold_ingot":162,"refinedstorage:importer":1,"create:large_cogwheel":13,"create:propeller":2,"refinedstorage:machine_casing":4,"minecraft:iron_nugget":126,"ironfurnaces:augment_generator":1,"supplementaries:faucet":2,"create:smart_chute":1,"industrialforegoing:dryrubber":13,"minecraft:jack_o_lantern":6,"tconstruct:seared_basin":1,"refinedstorage:external_storage":12,"ftbstoneblock:3x_compressed_sand":4,"create:iron_sheet":92,"mininggadgets:mininggadget":1,"industrialforegoing:plant_gatherer":1,"ironfurnaces:emerald_furnace":2,"immersiveengineering:fluid_pump":1,"minecraft:ladder":54,"minecraft:stone_pickaxe":7,"mekanism:electric_pump":1,"minecraft:diamond_boots":1,"ftbsbc:iron_auto_hammer":6,"minecraft:redstone_block":12,"create:electron_tube":5,"minecraft:dark_oak_planks":92,"create:belt_connector":4,"ftbsbc:iron_hammer":7,"create:brass_sheet":68,"minecraft:coal_block":377,"powah:dielectric_paste":144,"ironchest:gold_chest":20,"minecraft:dried_kelp":45,"minecraft:dark_oak_button":48,"ftbstoneblock:3x_compressed_cobblestone":20,"tconstruct:seared_heater":2,"minecraft:cobblestone":632,"industrialforegoing:latex_processing_unit":1,"immersiveengineering:conveyor_basic":8,"minecraft:iron_leggings":1,"create:shaft":136,"ftbdripper:dripper":1,"tconstruct:grout":136,"minecraft:oak_planks":400,"minecraft:cobblestone_slab":150,"createaddition:rolling_mill":1,"refinedstorage:cable":36,"ftbstoneblock:2x_compressed_cobblestone":269,"minecraft:stone":64,"create:deployer":3,"pipez:fluid_pipe":32,"ftbstoneblock:1x_compressed_dirt":419,"minecraft:hopper":12,"minecraft:iron_boots":1,"justhammers:diamond_hammer":9,"industrialforegoing:gold_gear":2,"minecraft:chest":72,"tconstruct:seared_fuel_tank":1,"minecraft:oak_button":105,"minecraft:copper_block":36,"mekanism:basic_fluid_tank":1,"refinedstorage:disk_drive":1,"minecraft:birch_button":80,"minecraft:stone_hoe":2,"create:brass_hand":3,"ftbsbc:gold_hammer":4,"minecraft:dropper":4,"rftoolspower:coalgenerator":3,"minecraft:oak_slab":30,"create:depot":1,"minecraft:cauldron":65,"ftbsbc:diamond_hammer":5,"minecraft:crafting_table":5,"minecraft:spruce_planks":1024,"minecraft:iron_helmet":1,"refinedstorage:exporter":2,"create:zinc_nugget":454,"ftbsbc:fire_plow":9,"create:sand_paper":1,"minecraft:gold_block":31,"minecraft:birch_planks":116,"minecraft:pumpkin_seeds":1,"ftbstoneblock:1x_compressed_sand":691,"industrialforegoing:common_black_hole_unit":1,"cobblefordays:tier_1":2,"ironchest:diamond_chest":13,"farmersdelight:cutting_board":1,"tconstruct:seared_channel":5,"ftbsbc:gold_auto_hammer":4,"minecraft:emerald_block":45,"minecraft:book":1,"minecraft:iron_chestplate":1,"minecraft:paper":3,"minecraft:diamond_pickaxe":2,"minecraft:charcoal":48,"create:water_wheel":4,"minecraft:shield":1,"minecraft:light_weighted_pressure_plate":3,"minecraft:stick":544,"minecraft:iron_ingot":3279,"ftbstoneblock:2x_compressed_sand":76,"tconstruct:seared_bricks":67,"minecraft:redstone_torch":6,"minecraft:beetroot_soup":16,"ftbstoneblock:2x_compressed_dirt":46,"minecraft:shears":1,"minecraft:polished_andesite":128,"create:chute":4,"stonechest:part_cobblestone":300,"minecraft:coal":981,"rftoolsbase:machine_frame":3,"ironfurnaces:gold_furnace":2,"minecraft:spruce_button":128,"minecraft:furnace":7,"minecraft:blast_furnace":1,"minecraft:piston":1,"ftbstoneblock:2x_compressed_gravel":16,"refinedstorage:quartz_enriched_iron":256,"ftbstoneblock:1x_compressed_gravel":152,"minecraft:flint_and_steel":1,"refinedstorage:destruction_core":22,"tconstruct:ingot_sand_cast":142,"minecraft:leather":1,"minecraft:iron_axe":3,"minecraft:iron_hoe":1,"create:millstone":2,"tconstruct:seared_table":2,"tconstruct:copper_can":24,"immersiveengineering:component_iron":1,"create:basin":1,"minecraft:birch_sign":3,"refinedstorage:1k_storage_part":3,"refinedstorage:1k_storage_disk":1,"tconstruct:rod_sand_cast":8,"minecraft:bone_block":37,"create:andesite_alloy":192,"minecraft:diamond_sword":1,"mekanism:metallurgic_infuser":1,"luggage:luggage":2,"ftbstoneblock:2x_compressed_netherrack":47,"pipez:energy_pipe":32,"minecraft:bowl":8,"ftbstoneblock:1x_compressed_endstone":881,"industrialforegoing:machine_frame_pity":7,"minecraft:dirt":27,"minecraft:bucket":36,"minecraft:stone_axe":4,"tconstruct:seared_drain":1,"minecraft:air":0,"minecraft:bread":11,"minecraft:blue_dye":6,"tconstruct:seared_ingot_gauge":1,"ftbstoneblock:1x_compressed_netherrack":458,"justhammers:iron_hammer":16,"ftbstoneblock:1x_compressed_cobblestone":2508,"create:whisk":1,"minecraft:gold_nugget":18,"tconstruct:crafting_station":1,"refinedstorage:construction_core":22,"tconstruct:seared_faucet":3,"supplementaries:flint_block":26,"minecraft:torch":520,"create:zinc_ingot":0,"minecraft:clay":81,"minecraft:lapis_block":553,"minecraft:diamond_chestplate":1,"ironchest:iron_chest":21},"minecraft:used":{"immersiveengineering:fluid_pump":2,"minecraft:beetroot":2,"minecraft:jack_o_lantern":6,"create:deployer":15,"refinedstorage:exporter":3,"minecraft:ladder":33,"rftoolspower:coalgenerator":9,"minecraft:chest":22,"soulshards:vile_sword":137,"tconstruct:seared_stone":3,"minecraft:soul_sand":2,"create:depot":5,"minecraft:lava_bucket":25,"minecraft:birch_sapling":16,"tconstruct:seared_faucet":9,"refinedstorage:external_storage":12,"minecraft:rabbit_stew":4,"tconstruct:flint_shuriken":83,"ironfurnaces:iron_furnace":1,"create:shaft":13,"minecraft:oak_sapling":27,"minecraft:furnace":3,"minecraft:egg":202,"minecraft:potato":223,"minecraft:clay":1,"minecraft:oak_leaves":6,"minecraft:respawn_anchor":1,"minecraft:sand":6,"minecraft:blast_furnace":1,"minecraft:pumpkin_seeds":8,"immersiveengineering:hammer":1,"minecraft:diamond_sword":62,"create:basin":4,"ironfurnaces:gold_furnace":3,"minecraft:stone_sword":55,"minecraft:enchanting_table":1,"ftbsbc:fire_plow":34,"ftbsbc:stone_hammer":1040,"justhammers:diamond_reinforced_hammer":380,"refinedstorage:grid":3,"minecraft:stick":12,"minecraft:torch":585,"tconstruct:seared_drain":2,"minecraft:anvil":1,"ironfurnaces:diamond_furnace":4,"supplementaries:faucet":5,"ftbstoneblock:2x_compressed_sand":29,"tconstruct:seared_heater":4,"minecraft:chipped_anvil":1,"createaddition:chocolate_cake":4,"mekanismgenerators:heat_generator":1,"minecraft:iron_axe":230,"minecraft:barrel":4,"minecraft:melon_seeds":2,"minecraft:smooth_basalt":9,"minecraft:diamond_chestplate":1,"cobblefordays:tier_1":2,"torchmaster:megatorch":2,"minecraft:cobbled_deepslate":11,"create:belt_connector":2,"minecraft:pointed_dripstone":23,"stonechest:chest_cobblestone":58,"minecraft:wheat_seeds":225,"minecraft:water_bucket":62,"minecraft:cauldron":74,"create:encased_fan":7,"minecraft:comparator":6,"justhammers:diamond_hammer":5045,"minecraft:crafting_table":9,"minecraft:oak_slab":6,"minecraft:birch_sign":6,"minecraft:spruce_log":3,"justhammers:iron_hammer":1867,"minecraft:diamond_pickaxe":289,"tconstruct:seared_table":18,"minecraft:iron_pickaxe":464,"refinedstorage:crafting_grid":1,"create:water_wheel":21,"minecraft:spruce_sapling":17,"tconstruct:seared_channel":12,"tconstruct:seared_melter":3,"minecraft:cobblestone":1256,"minecraft:kelp":8,"minecraft:diamond_leggings":1,"mekanism:basic_fluid_tank":2,"minecraft:shield":4,"tconstruct:seared_fuel_tank":1,"create:cogwheel":68,"minecraft:glass":1,"refinedstorage:controller":1,"ftbstoneblock:1x_compressed_dirt":4,"chancecubes:chance_cube":2,"mekanismtools:gold_paxel":61,"ftbstoneblock:2x_compressed_cobblestone":74,"create:millstone":10,"refinedstorage:importer":1,"farmersdelight:cutting_board":1,"minecraft:magma_block":1,"industrialforegoing:common_black_hole_unit":1,"pipez:item_pipe":19,"minecraft:beetroot_seeds":475,"ftbstoneblock:1x_compressed_sand":9,"tconstruct:smeltery_controller":7,"refinedstorage:disk_drive":1,"ftbstoneblock:2x_compressed_gravel":47,"minecraft:stone_pickaxe":974,"minecraft:oak_planks":7,"industrialforegoing:fluid_extractor":5,"minecraft:sugar_cane":2,"ftbsbc:diamond_hammer":297,"createaddition:rolling_mill":2,"minecraft:end_stone":2,"minecraft:shears":63,"minecraft:lever":3,"mekanism:metallurgic_infuser":1,"minecraft:dark_oak_log":12,"minecraft:bread":27,"minecraft:iron_door":2,"minecraft:gravel":122,"minecraft:chainmail_boots":1,"ftbdripper:dripper":6,"tconstruct:crafting_station":1,"minecraft:andesite":3,"ftbstoneblock:dust":4,"ironchest:crystal_chest":28,"minecraft:bone_meal":25,"create:large_cogwheel":73,"immersiveengineering:conveyor_basic":4,"minecraft:flint_and_steel":4,"minecraft:stone_hoe":132,"minecraft:dirt":252,"ironchest:diamond_chest":3,"minecraft:hopper":43,"create:mechanical_mixer":3,"cobblefordays:tier_2":1,"tconstruct:seared_bricks":45,"industrialforegoing:plant_sower":2,"ftbsbc:gold_auto_hammer":8,"create:smart_chute":2,"minecraft:iron_hoe":192,"tconstruct:tinker_station":2,"farmersdelight:basket":2,"ftbstoneblock:1x_compressed_cobblestone":114,"ftbstoneblock:1x_compressed_gravel":12,"tconstruct:part_builder":2,"ftbstoneblock:1x_compressed_endstone":252,"minecraft:beetroot_soup":16,"minecraft:pumpkin":5,"ftbsbc:iron_hammer":475,"ftbsbc:iron_auto_hammer":15,"pipez:fluid_pipe":12,"mekanism:electric_pump":2,"minecraft:baked_potato":46,"tconstruct:scorched_alloyer":1,"minecraft:cobblestone_slab":170,"industrialforegoing:latex_processing_unit":1,"minecraft:stripped_dark_oak_log":3,"tconstruct:seared_basin":10,"ftbstoneblock:2x_compressed_dirt":46,"refinedstorage:cable":18,"minecraft:apple":2,"create:mechanical_press":7,"minecraft:stone_axe":377,"ironfurnaces:emerald_furnace":2,"minecraft:bucket":155,"industrialforegoing:plant_gatherer":4,"create:hand_crank":2,"pipez:energy_pipe":31}},"DataVersion":2975}