{"stats":{"minecraft:custom":{"minecraft:interact_with_furnace":24,"minecraft:mob_kills":6,"minecraft:traded_with_villager":1,"minecraft:interact_with_crafting_table":29,"minecraft:open_barrel":1,"minecraft:eat_cake_slice":13,"minecraft:leave_game":2,"minecraft:time_since_death":88630,"minecraft:opened_chance_cube":1,"minecraft:time_since_rest":88630,"champions:champion_mobs_killed":6,"minecraft:sprint_one_cm":47736,"minecraft:walk_one_cm":201375,"minecraft:damage_taken":280,"minecraft:damage_absorbed":1010,"minecraft:drop":28,"minecraft:damage_dealt":533,"minecraft:talked_to_villager":2,"minecraft:fly_one_cm":81812,"minecraft:open_chest":43,"minecraft:crouch_one_cm":13437,"minecraft:play_time":88630,"minecraft:sneak_time":5188,"minecraft:jump":658,"minecraft:total_world_time":88630,"minecraft:fall_one_cm":14367},"minecraft:crafted":{"stonechest:part_cobblestone":4,"minecraft:oak_planks":12,"minecraft:crafting_table":1,"ftbsbc:stone_rod":16,"minecraft:furnace":1,"stonechest:chest_cobblestone":1,"minecraft:birch_planks":36,"minecraft:pumpkin_seeds":1,"minecraft:stone_axe":2,"minecraft:air":0,"ftbstoneblock:1x_compressed_cobblestone":63,"minecraft:cobblestone":587,"minecraft:charcoal":48,"minecraft:stick":8,"ftbsbc:stone_hammer":5,"minecraft:stone_pickaxe":4,"minecraft:torch":8,"minecraft:stone_hoe":1,"minecraft:birch_sign":3},"minecraft:used":{"stonechest:chest_cobblestone":1,"ironfurnaces:gold_furnace":1,"minecraft:stone_pickaxe":436,"ftbsbc:stone_hammer":557,"minecraft:stone_hoe":1,"minecraft:torch":16,"minecraft:stick":1,"minecraft:dirt":20,"minecraft:sand":4,"minecraft:comparator":6,"minecraft:crafting_table":1,"minecraft:birch_sign":2,"minecraft:pumpkin_seeds":1,"createaddition:chocolate_cake":4,"chancecubes:chance_cube":1,"minecraft:birch_sapling":12,"minecraft:gravel":19,"minecraft:stone_axe":109,"farmersdelight:basket":2,"minecraft:cobblestone":37,"minecraft:oak_sapling":12,"minecraft:furnace":1,"minecraft:andesite":1,"minecraft:egg":1,"ftbstoneblock:dust":4,"ironchest:crystal_chest":1},"minecraft:killed":{"minecraft:silverfish":6},"minecraft:mined":{"farmersdelight:basket":1,"minecraft:comparator":6,"minecraft:torch":5,"minecraft:infested_cobblestone":1,"minecraft:cobblestone":33,"minecraft:wall_torch":1,"ftbstoneblock:dust":4,"botania:apothecary_default":1,"minecraft:birch_log":71,"minecraft:andesite":1,"minecraft:birch_leaves":4,"supplementaries:stick":1,"minecraft:oak_log":48,"create:hand_crank":1,"minecraft:gravel":20,"minecraft:sand":4,"minecraft:dirt":6,"minecraft:stone":944,"minecraft:oak_leaves":5},"minecraft:broken":{"minecraft:stone_pickaxe":2,"ftbsbc:stone_hammer":4},"minecraft:picked_up":{"minecraft:birch_log":69,"ftbstoneblock:dust":8,"ftbstoneblock:stonepebble":45,"minecraft:andesite":1,"minecraft:oak_log":49,"minecraft:dirt":20,"minecraft:comparator":6,"minecraft:birch_sapling":33,"minecraft:egg":1,"farmersdelight:basket":1,"minecraft:stick":41,"ironchest:crystal_chest":1,"minecraft:torch":8,"minecraft:gravel":35,"minecraft:sand":4,"ftbsbc:stone_hammer":1,"minecraft:stone_sword":1,"botania:apothecary_default":1,"minecraft:emerald":2,"minecraft:gold_ingot":1,"minecraft:oak_sapling":31,"minecraft:cobblestone":871},"minecraft:dropped":{"minecraft:gravel":24,"minecraft:oak_log":16,"farmersdelight:skillet":1,"botania:apothecary_default":1,"ftbsbc:stone_hammer":1}},"DataVersion":2975}