{"stats":{"minecraft:custom":{"minecraft:interact_with_furnace":6,"minecraft:mob_kills":4,"minecraft:interact_with_crafting_table":30,"minecraft:eat_cake_slice":6,"minecraft:time_since_death":101538,"minecraft:time_since_rest":101538,"champions:champion_mobs_killed":4,"minecraft:sprint_one_cm":111977,"minecraft:walk_one_cm":207783,"minecraft:damage_taken":60,"minecraft:damage_absorbed":10,"minecraft:drop":2,"minecraft:damage_dealt":510,"minecraft:talked_to_villager":3,"minecraft:fly_one_cm":25248,"minecraft:open_chest":37,"minecraft:crouch_one_cm":33,"minecraft:play_time":101538,"minecraft:sneak_time":350,"minecraft:jump":338,"minecraft:total_world_time":101538,"minecraft:fall_one_cm":1577},"minecraft:crafted":{"stonechest:part_cobblestone":4,"tconstruct:pattern":6,"minecraft:oak_planks":40,"minecraft:redstone":1,"create:hand_crank":1,"tconstruct:part_builder":1,"minecraft:crafting_table":2,"ftbsbc:stone_rod":10,"ftbstoneblock:2x_compressed_cobblestone":7,"ftbsbc:stone_crook":1,"stonechest:chest_cobblestone":1,"tconstruct:tinker_station":1,"ftbstoneblock:1x_compressed_cobblestone":64,"minecraft:cobblestone":14,"minecraft:stick":28,"create:millstone":1,"ftbsbc:stone_hammer":1,"minecraft:stone_pickaxe":6,"minecraft:stone_sword":2,"minecraft:oak_button":16,"minecraft:torch":36,"create:cogwheel":2,"minecraft:polished_andesite":16},"minecraft:used":{"ftbsbc:stone_crook":5,"stonechest:chest_cobblestone":1,"minecraft:stone_sword":3,"farmersdelight:skillet":3,"minecraft:stone_pickaxe":686,"ftbsbc:stone_hammer":131,"ftbstoneblock:stonepebble":1,"entangled:item":19,"minecraft:torch":32,"minecraft:dirt":1,"ars_nouveau:red_archwood_sapling":1,"minecraft:crafting_table":6,"create:cogwheel":1,"botania:apothecary_default":1,"ars_nouveau:purple_archwood_sapling":1,"minecraft:birch_sapling":1,"tconstruct:tinker_station":2,"create:millstone":1,"minecraft:gravel":1,"minecraft:cobblestone":21,"minecraft:oak_sapling":3,"create:hand_crank":2,"tconstruct:part_builder":2,"minecraft:dark_oak_sapling":1},"minecraft:killed":{"minecraft:creeper":2,"minecraft:silverfish":2},"minecraft:mined":{"tconstruct:part_builder":1,"minecraft:oak_sapling":1,"tconstruct:tinker_station":1,"minecraft:crafting_table":5,"ars_nouveau:purple_archwood_sapling":1,"minecraft:cobblestone":15,"minecraft:wall_torch":4,"minecraft:birch_sapling":1,"minecraft:andesite":18,"minecraft:oak_log":7,"minecraft:dark_oak_sapling":1,"minecraft:dirt":4,"minecraft:stone":797,"ars_nouveau:red_archwood_sapling":1,"minecraft:oak_leaves":1},"minecraft:broken":{"ftbsbc:stone_hammer":1,"minecraft:stone_pickaxe":5},"minecraft:picked_up":{"minecraft:birch_log":2,"minecraft:crafting_table":5,"ftbstoneblock:stonepebble":57,"minecraft:andesite":17,"tconstruct:part_builder":1,"minecraft:oak_log":22,"minecraft:gunpowder":1,"farmersdelight:skillet":1,"ftbquests:lootcrate":2,"minecraft:dirt":1,"botania:cyan_mystical_flower":3,"minecraft:birch_sapling":7,"minecraft:dark_oak_sapling":2,"minecraft:stick":7,"ironchest:crystal_chest":1,"minecraft:copper_ingot":2,"ars_nouveau:red_archwood_sapling":2,"minecraft:torch":3,"minecraft:gravel":2,"ars_nouveau:purple_archwood_sapling":3,"minecraft:spruce_sapling":1,"create:hand_crank":1,"botania:white_mystical_flower":2,"minecraft:diamond":1,"chancecubes:chance_cube":1,"botania:apothecary_default":1,"tconstruct:tinker_station":1,"botania:orange_mystical_flower":1,"powah:battery_starter":1,"minecraft:emerald":1,"minecraft:oak_sapling":3,"minecraft:cobblestone":840},"minecraft:dropped":{"minecraft:stone_sword":1,"minecraft:cobblestone":7}},"DataVersion":2975}