{"stats":{"minecraft:custom":{"minecraft:mob_kills":4,"minecraft:interact_with_crafting_table":50,"minecraft:eat_cake_slice":11,"minecraft:leave_game":1,"minecraft:time_since_death":213869,"champions:champion_mobs_killed":4,"minecraft:sprint_one_cm":112984,"minecraft:walk_one_cm":432420,"minecraft:drop":52,"minecraft:talked_to_villager":3,"minecraft:play_time":213869,"minecraft:sneak_time":901,"minecraft:jump":573,"minecraft:walk_on_water_one_cm":1984,"minecraft:total_world_time":213869,"minecraft:interact_with_furnace":20,"minecraft:time_since_rest":213869,"minecraft:damage_taken":90,"minecraft:damage_absorbed":10,"minecraft:damage_dealt":510,"minecraft:fly_one_cm":26274,"minecraft:open_chest":122,"minecraft:crouch_one_cm":457,"minecraft:fall_one_cm":2622},"minecraft:crafted":{"stonechest:part_cobblestone":4,"tconstruct:pattern":6,"minecraft:oak_planks":56,"minecraft:redstone":1,"tconstruct:part_builder":1,"minecraft:birch_slab":12,"botania:mana_pool":1,"ftbstoneblock:2x_compressed_cobblestone":7,"ftbsbc:stone_crook":1,"stonechest:chest_cobblestone":1,"minecraft:stone":0,"tconstruct:tinker_station":1,"botania:twig_wand":1,"botania:white_petal":4,"create:millstone":1,"minecraft:stone_pickaxe":11,"minecraft:oak_button":16,"minecraft:birch_button":8,"minecraft:dark_oak_planks":4,"create:cogwheel":3,"minecraft:oak_fence":6,"botania:cyan_petal":2,"create:andesite_alloy":9,"create:hand_crank":1,"minecraft:crafting_table":3,"botania:mana_spreader":1,"create:zinc_nugget":18,"ftbsbc:stone_rod":10,"botania:livingwood_twig":1,"minecraft:stone_axe":1,"minecraft:air":0,"botania:orange_petal":2,"minecraft:oak_fence_gate":1,"ftbstoneblock:1x_compressed_cobblestone":64,"minecraft:cobblestone":14,"create:water_wheel":1,"minecraft:stick":44,"minecraft:iron_ingot":14,"ftbsbc:stone_hammer":2,"minecraft:stone_sword":2,"minecraft:torch":92,"minecraft:polished_andesite":16},"minecraft:used":{"ftbsbc:stone_crook":5,"minecraft:oak_fence":6,"minecraft:stone_sword":3,"ftbsbc:stone_hammer":177,"minecraft:stone":5,"entangled:item":19,"minecraft:stick":2,"minecraft:torch":50,"minecraft:dirt":2,"ars_nouveau:red_archwood_sapling":1,"create:cogwheel":6,"botania:twig_wand":18,"minecraft:oak_fence_gate":1,"minecraft:birch_sapling":1,"tconstruct:tinker_station":2,"create:millstone":6,"minecraft:oak_sapling":3,"botania:mana_pool":2,"minecraft:egg":6,"tconstruct:part_builder":2,"botania:white_mystical_flower":2,"minecraft:dark_oak_sapling":1,"stonechest:chest_cobblestone":1,"minecraft:water_bucket":2,"farmersdelight:skillet":3,"minecraft:stone_pickaxe":1128,"botania:mana_spreader":1,"ftbstoneblock:stonepebble":1,"minecraft:crafting_table":8,"botania:apothecary_default":2,"ars_nouveau:purple_archwood_sapling":1,"minecraft:dark_oak_log":13,"minecraft:melon_slice":7,"create:water_wheel":1,"minecraft:gravel":2,"minecraft:stone_axe":10,"minecraft:cobblestone":45,"botania:pure_daisy":2,"minecraft:bucket":3,"create:hand_crank":3,"create:large_cogwheel":2},"minecraft:killed":{"minecraft:silverfish":2,"minecraft:creeper":2},"minecraft:mined":{"botania:mana_pool":1,"minecraft:oak_sapling":1,"create:millstone":5,"tconstruct:tinker_station":1,"minecraft:dark_oak_log":1,"botania:livingwood_log":12,"minecraft:andesite":247,"supplementaries:stick":2,"botania:livingrock":5,"botania:pure_daisy":1,"minecraft:stone":1030,"minecraft:oak_slab":1,"create:cogwheel":4,"tconstruct:part_builder":1,"minecraft:oak_fence":1,"minecraft:crafting_table":7,"minecraft:melon":2,"ars_nouveau:purple_archwood_sapling":1,"minecraft:cobblestone":22,"minecraft:wall_torch":4,"minecraft:birch_sapling":1,"botania:white_mystical_flower":1,"minecraft:oak_log":7,"minecraft:dark_oak_sapling":1,"create:hand_crank":1,"minecraft:gravel":1,"minecraft:dirt":4,"ars_nouveau:red_archwood_sapling":1,"minecraft:oak_leaves":1},"minecraft:broken":{"minecraft:stone_pickaxe":8,"ftbsbc:stone_hammer":1},"minecraft:picked_up":{"minecraft:crafting_table":7,"ftbquests:lootcrate":2,"botania:pure_daisy":2,"minecraft:melon_slice":10,"minecraft:birch_sapling":7,"minecraft:egg":6,"minecraft:dark_oak_sapling":2,"minecraft:stick":9,"ironchest:crystal_chest":3,"minecraft:copper_ingot":5,"minecraft:oak_fence":1,"minecraft:torch":8,"ars_nouveau:purple_archwood_sapling":3,"create:hand_crank":3,"botania:white_mystical_flower":4,"botania:livingrock":5,"botania:apothecary_default":1,"tconstruct:tinker_station":1,"powah:battery_starter":1,"minecraft:gold_ingot":5,"botania:livingwood_log":12,"minecraft:cobblestone":1082,"minecraft:birch_log":2,"ftbstoneblock:stonepebble":57,"minecraft:water_bucket":1,"minecraft:andesite":241,"tconstruct:part_builder":1,"minecraft:oak_log":22,"minecraft:gunpowder":1,"farmersdelight:skillet":1,"minecraft:dirt":2,"ftbdripper:dripper":2,"botania:cyan_mystical_flower":4,"minecraft:iron_ingot":1,"botania:mana_pool":1,"minecraft:oak_slab":1,"create:cogwheel":4,"ars_nouveau:red_archwood_sapling":2,"minecraft:gravel":44,"minecraft:spruce_sapling":1,"minecraft:dark_oak_log":1,"create:millstone":6,"minecraft:diamond":2,"chancecubes:chance_cube":1,"botania:orange_mystical_flower":2,"minecraft:emerald":1,"minecraft:oak_sapling":3,"minecraft:oak_leaves":42},"minecraft:dropped":{"minecraft:water_bucket":1,"create:millstone":1,"minecraft:cobblestone":8,"botania:white_petal":4,"minecraft:gravel":42,"minecraft:stone_sword":1,"minecraft:beetroot_seeds":1}},"DataVersion":2975}