{"stats":{"minecraft:crafted":{"tconstruct:tinker_station":1,"tconstruct:pattern":6,"stonechest:part_cobblestone":4,"minecraft:redstone":1,"minecraft:oak_planks":24,"tconstruct:part_builder":1,"minecraft:cobblestone":14,"minecraft:crafting_table":1,"minecraft:stick":28,"ftbsbc:stone_hammer":1,"minecraft:stone_pickaxe":3,"ftbsbc:stone_rod":10,"ftbsbc:stone_crook":1,"stonechest:chest_cobblestone":1,"minecraft:torch":36},"minecraft:custom":{"minecraft:time_since_rest":65538,"minecraft:damage_absorbed":10,"minecraft:sprint_one_cm":69786,"minecraft:damage_taken":20,"minecraft:walk_one_cm":137978,"minecraft:mob_kills":2,"minecraft:drop":1,"minecraft:damage_dealt":400,"minecraft:interact_with_crafting_table":19,"minecraft:fly_one_cm":15590,"minecraft:open_chest":14,"minecraft:crouch_one_cm":33,"minecraft:play_time":65538,"minecraft:sneak_time":350,"minecraft:jump":111,"minecraft:eat_cake_slice":2,"champions:champion_mobs_killed":2,"minecraft:time_since_death":65538,"minecraft:interact_with_furnace":5,"minecraft:total_world_time":65538,"minecraft:fall_one_cm":824},"minecraft:used":{"ftbsbc:stone_crook":5,"stonechest:chest_cobblestone":1,"farmersdelight:skillet":3,"minecraft:stone_pickaxe":320,"minecraft:birch_sapling":1,"ftbsbc:stone_hammer":131,"tconstruct:tinker_station":2,"minecraft:gravel":1,"entangled:item":19,"minecraft:torch":17,"minecraft:dirt":1,"ars_nouveau:red_archwood_sapling":1,"minecraft:crafting_table":3,"minecraft:oak_sapling":3,"tconstruct:part_builder":2,"ars_nouveau:purple_archwood_sapling":1,"botania:apothecary_default":1,"minecraft:dark_oak_sapling":1},"minecraft:killed":{"minecraft:creeper":2},"minecraft:mined":{"tconstruct:part_builder":1,"minecraft:oak_sapling":1,"tconstruct:tinker_station":1,"minecraft:crafting_table":2,"minecraft:oak_log":7,"minecraft:dark_oak_sapling":1,"minecraft:dirt":4,"ars_nouveau:purple_archwood_sapling":1,"minecraft:cobblestone":2,"minecraft:stone":466,"ars_nouveau:red_archwood_sapling":1,"minecraft:oak_leaves":1,"minecraft:birch_sapling":1,"minecraft:wall_torch":3},"minecraft:broken":{"ftbsbc:stone_hammer":1,"minecraft:stone_pickaxe":2},"minecraft:picked_up":{"minecraft:dark_oak_sapling":2,"minecraft:stick":7,"ftbstoneblock:stonepebble":57,"ironchest:crystal_chest":1,"tconstruct:part_builder":1,"minecraft:copper_ingot":1,"ars_nouveau:red_archwood_sapling":2,"minecraft:torch":3,"minecraft:gravel":2,"ars_nouveau:purple_archwood_sapling":3,"minecraft:oak_log":22,"minecraft:spruce_sapling":1,"minecraft:gunpowder":1,"farmersdelight:skillet":1,"ftbquests:lootcrate":1,"minecraft:dirt":1,"botania:apothecary_default":1,"tconstruct:tinker_station":1,"minecraft:emerald":1,"minecraft:oak_sapling":3,"minecraft:birch_sapling":7,"minecraft:crafting_table":2,"minecraft:birch_log":2,"minecraft:cobblestone":490},"minecraft:dropped":{"minecraft:cobblestone":7}},"DataVersion":2975}