{"stats":{"minecraft:custom":{"minecraft:interact_with_furnace":20,"minecraft:interact_with_crafting_table":21,"minecraft:open_barrel":1,"minecraft:eat_cake_slice":6,"minecraft:leave_game":1,"minecraft:time_since_death":68574,"minecraft:time_since_rest":68574,"minecraft:walk_one_cm":148389,"minecraft:sprint_one_cm":33567,"minecraft:damage_taken":130,"minecraft:damage_absorbed":1010,"minecraft:drop":4,"minecraft:fly_one_cm":54555,"minecraft:open_chest":17,"minecraft:crouch_one_cm":13437,"minecraft:play_time":68574,"minecraft:sneak_time":5175,"minecraft:jump":522,"minecraft:total_world_time":68574,"minecraft:fall_one_cm":14367},"minecraft:crafted":{"stonechest:part_cobblestone":4,"minecraft:oak_planks":12,"minecraft:crafting_table":1,"ftbsbc:stone_rod":12,"minecraft:furnace":1,"stonechest:chest_cobblestone":1,"minecraft:birch_planks":36,"minecraft:stone_axe":2,"minecraft:air":0,"minecraft:cobblestone":11,"minecraft:charcoal":48,"minecraft:stick":8,"ftbsbc:stone_hammer":4,"minecraft:stone_pickaxe":3,"minecraft:torch":8,"minecraft:birch_sign":3},"minecraft:used":{"stonechest:chest_cobblestone":1,"ironfurnaces:gold_furnace":1,"minecraft:stone_pickaxe":279,"ftbsbc:stone_hammer":524,"minecraft:stick":1,"minecraft:torch":13,"minecraft:dirt":11,"minecraft:sand":4,"minecraft:comparator":6,"minecraft:crafting_table":1,"minecraft:birch_sign":2,"createaddition:chocolate_cake":4,"minecraft:birch_sapling":12,"minecraft:gravel":9,"minecraft:stone_axe":109,"farmersdelight:basket":2,"minecraft:cobblestone":13,"minecraft:furnace":1,"minecraft:oak_sapling":12,"minecraft:egg":1,"ftbstoneblock:dust":4,"ironchest:crystal_chest":1},"minecraft:mined":{"farmersdelight:basket":1,"minecraft:comparator":6,"minecraft:torch":4,"minecraft:cobblestone":9,"minecraft:wall_torch":1,"ftbstoneblock:dust":4,"botania:apothecary_default":1,"minecraft:birch_log":71,"minecraft:birch_leaves":4,"supplementaries:stick":1,"minecraft:oak_log":48,"minecraft:gravel":10,"minecraft:sand":4,"minecraft:dirt":6,"minecraft:stone":789,"minecraft:oak_leaves":5},"minecraft:broken":{"minecraft:stone_pickaxe":2,"ftbsbc:stone_hammer":4},"minecraft:picked_up":{"minecraft:birch_log":69,"ftbstoneblock:dust":8,"ftbstoneblock:stonepebble":45,"minecraft:oak_log":49,"minecraft:dirt":11,"minecraft:comparator":6,"minecraft:birch_sapling":33,"minecraft:egg":1,"farmersdelight:basket":1,"minecraft:stick":41,"ironchest:crystal_chest":1,"minecraft:torch":5,"minecraft:gravel":9,"minecraft:sand":4,"ftbsbc:stone_hammer":1,"botania:apothecary_default":1,"minecraft:emerald":2,"minecraft:gold_ingot":1,"minecraft:oak_sapling":31,"minecraft:cobblestone":722},"minecraft:dropped":{"minecraft:oak_log":16,"farmersdelight:skillet":1,"botania:apothecary_default":1,"ftbsbc:stone_hammer":1}},"DataVersion":2975}