{"stats":{"minecraft:used":{"minecraft:jack_o_lantern":6,"create:deployer":22,"refinedstorage:exporter":392,"minecraft:dispenser":1,"industrialforegoing:animal_feeder":1,"rftoolspower:coalgenerator":99,"minecraft:stone":31,"compactmachines:machine_tiny":1,"minecraft:soul_sand":72,"powah:thermo_generator_basic":36,"rechiseled:glowstone_smooth":14,"minecraft:lava_bucket":86,"minecraft:netherite_boots":2,"create:shaft":34,"create:steam_engine":16,"minecraft:oak_sapling":28,"ars_creo:starbuncle_wheel":2,"industrialforegoing:black_hole_controller":1,"minecraft:clay":1,"mob_grinding_utils:tinted_glass":1169,"minecraft:blast_furnace":1,"industrialforegoing:enchantment_extractor":2,"minecraft:diamond_sword":175,"create:basin":4,"minecraft:smithing_table":1,"botania:blaze_block":1,"ftbsbc:fire_plow":34,"ironfurnaces:gold_furnace":3,"minecraft:enchanting_table":3,"minecraft:armor_stand":1,"justhammers:diamond_reinforced_hammer":874,"minecraft:torch":1402,"tconstruct:seared_drain":2,"minecraft:brewing_stand":1,"supplementaries:faucet":5,"ftbstoneblock:2x_compressed_sand":29,"minecraft:oak_fence_gate":1,"minecraft:chipped_anvil":2,"immersiveengineering:workbench":1,"minecraft:iron_block":2,"mekanismgenerators:heat_generator":43,"minecraft:barrel":4,"minecraft:bamboo":5,"minecraft:diamond_chestplate":1,"cobblefordays:tier_1":24,"projecte:collector_mk3":1,"create:fluid_pipe":32,"create:belt_connector":6,"stonechest:chest_cobblestone":60,"minecraft:wheat_seeds":344,"industrialforegoing:pity_black_hole_tank":4,"avaritia:neutron_collector":560,"minecraft:cauldron":75,"refinedstorage:pattern_grid":1,"minecraft:campfire":8,"minecraft:spruce_log":6,"minecraft:diamond_pickaxe":327,"ironfurnaces:netherite_furnace":67,"rftoolsutility:crafter1":1,"minecraft:spruce_sapling":25,"tconstruct:seared_channel":12,"minecraft:potion":1,"charginggadgets:charging_station":2,"minecraft:diamond_leggings":2,"projecte:condenser_mk2":5,"mekanism:basic_fluid_tank":2,"minecraft:nether_wart":3,"industrialforegoing:ore_laser_base":6,"thermal:dynamo_lapidary":1,"create:cogwheel":186,"industrialforegoing:enchantment_sorter":1,"mekanismtools:diamond_paxel":2523,"refinedstorage:controller":4,"ftbstoneblock:1x_compressed_dirt":4,"ftbstoneblock:2x_compressed_cobblestone":74,"trashcans:liquid_trash_can":2,"pipez:item_pipe":600,"minecraft:gold_block":1,"tconstruct:smeltery_controller":7,"refinedstorage:destructor":45,"minecraft:diamond_boots":1,"ftbstoneblock:2x_compressed_gravel":47,"industrialforegoing:mob_imprisonment_tool":3,"create:crushing_wheel":3,"minecraft:wither_skeleton_skull":41,"minecraft:stone_pickaxe":974,"minecraft:oak_planks":7,"minecraft:sugar_cane":56,"minecraft:netherite_leggings":2,"ftbsbc:diamond_hammer":298,"powah:thermo_generator_niotic":3,"minecraft:end_stone":2,"ars_nouveau:purple_archwood_sapling":1,"minecraft:lever":42,"mekanism:crusher":2,"minecraft:dark_oak_log":12,"minecraft:bread":134,"mekanism:metallurgic_infuser":3,"minecraft:iron_door":4,"ftbstoneblock:dust":5,"minecraft:bone_meal":144,"create:large_cogwheel":95,"minecraft:netherite_sword":99,"mekanism:enrichment_chamber":1,"minecraft:flint_and_steel":46,"mekanism:configurator":8,"minecraft:redstone":23,"minecraft:ender_chest":1,"minecraft:stone_hoe":132,"minecraft:cooked_chicken":4,"ironchest:diamond_chest":3,"minecraft:dirt":1431,"create:mechanical_mixer":3,"cobblefordays:tier_2":2,"industrialforegoing:plant_sower":9,"minecraft:iron_hoe":193,"ftbsbc:gold_auto_hammer":12,"industrialforegoing:fluid_laser_base":10,"immersiveengineering:concrete_sheet":19,"refinedstorage:cyan_grid":2,"farmersdelight:basket":2,"minecraft:soul_soil":4,"ftbstoneblock:1x_compressed_gravel":12,"tconstruct:part_builder":2,"minecraft:pumpkin":5,"minecraft:beetroot_soup":16,"immersiveengineering:cloche":1,"ftbsbc:iron_auto_hammer":36,"pipez:fluid_pipe":108,"mob_grinding_utils:wither_muffler":5,"industrialforegoing:pitiful_generator":2,"minecraft:baked_potato":145,"tconstruct:scorched_alloyer":1,"industrialforegoing:stasis_chamber":15,"industrialforegoing:latex_processing_unit":5,"tconstruct:seared_basin":11,"minecraft:piston":2,"create:mechanical_press":7,"minecraft:stone_axe":377,"powah:energizing_rod_basic":3,"projecte:philosophers_stone":2,"pipez:energy_pipe":910,"ftbsbc:diamond_auto_hammer":21,"rechiseled:glowstone_smooth_connecting":138,"immersiveengineering:fluid_pump":2,"justhammers:netherite_destructor_hammer":701,"minecraft:beetroot":2,"compactmachines:wall":26,"extendedexchange:green_collector":3,"minecraft:ladder":48,"minecraft:chest":23,"tconstruct:seared_stone":3,"soulshards:vile_sword":206,"create:fluid_tank":41,"industrialforegoing:mob_slaughter_factory":2,"refinedstorage:wireless_transmitter":2,"create:depot":5,"ftbsbc:netherite_auto_hammer":11,"minecraft:grass_block":1,"minecraft:birch_sapling":16,"tconstruct:seared_faucet":9,"refinedstorage:external_storage":315,"farmersdelight:bacon_sandwich":1,"tconstruct:flint_shuriken":83,"mekanism:combiner":1,"minecraft:rabbit_stew":4,"immersiveengineering:concrete":134,"ironfurnaces:iron_furnace":1,"industrialforegoing:plant_fertilizer":2,"minecraft:furnace":3,"minecraft:egg":547,"minecraft:potato":227,"industrialforegoing:laser_drill":79,"industrialforegoing:mob_duplicator":5,"minecraft:oak_leaves":6,"elevatorid:elevator_white":10,"minecraft:respawn_anchor":1,"minecraft:sand":8,"powah:thermo_generator_blazing":4,"minecraft:netherite_helmet":2,"justhammers:netherite_hammer":509,"minecraft:pumpkin_seeds":8,"immersiveengineering:hammer":1,"refinedstorage:purple_grid":1,"minecraft:polished_andesite_slab":56,"industrialforegoing:dissolution_chamber":10,"minecraft:stone_sword":55,"rftoolsstorage:storage_scanner":1,"powah:energizing_orb":5,"powah:energizing_rod_starter":3,"ftbsbc:stone_hammer":1040,"minecraft:netherrack":6,"refinedstorage:grid":4,"minecraft:stick":22,"minecraft:anvil":2,"ironfurnaces:diamond_furnace":4,"tconstruct:seared_heater":4,"thermal:dynamo_gourmand":1,"createaddition:chocolate_cake":4,"create:wrench":19,"minecraft:iron_axe":230,"refinedstorageaddons:wireless_crafting_grid":3,"minecraft:melon_seeds":2,"minecraft:smooth_basalt":10,"minecraft:glowstone":5,"refinedstorage:crafter":20,"minecraft:blaze_rod":3,"torchmaster:megatorch":11,"mininggadgets:modificationtable":1,"minecraft:cobbled_deepslate":11,"minecraft:pointed_dripstone":30,"minecraft:water_bucket":170,"thermal:machine_pulverizer":1,"avaritia:extreme_crafting_table":1,"justhammers:diamond_impact_hammer":484,"minecraft:comparator":11,"create:encased_fan":9,"justhammers:diamond_hammer":6909,"minecraft:crafting_table":9,"minecraft:oak_slab":6,"mekanismtools:refined_obsidian_sword":67,"minecraft:birch_sign":7,"justhammers:iron_hammer":1883,"minecraft:oak_log":4,"tconstruct:seared_table":18,"minecraft:iron_pickaxe":464,"refinedstorage:crafting_grid":1,"create:water_wheel":31,"minecraft:cobblestone":2660,"tconstruct:seared_melter":4,"compactcrafting:field_projector":14,"minecraft:kelp":26,"projecte:condenser_mk1":3,"minecraft:diamond_hoe":645,"immersiveengineering:seed":51,"minecraft:shield":11,"tconstruct:seared_fuel_tank":1,"prettypipes:wrench":3,"minecraft:nether_bricks":26,"minecraft:glass":1,"chancecubes:chance_cube":2,"chickens:breeder":28,"mekanismtools:gold_paxel":61,"create:millstone":24,"refinedstorage:importer":260,"extendedexchange:lime_collector":1,"minecraft:redstone_lamp":43,"minecraft:magma_block":37,"farmersdelight:cutting_board":1,"industrialforegoing:common_black_hole_unit":1,"minecraft:scaffolding":21,"minecraft:beetroot_seeds":477,"ftbstoneblock:1x_compressed_sand":9,"refinedstorage:disk_drive":3,"refinedstorage:fluid_grid":1,"industrialforegoing:fluid_extractor":153,"minecraft:ender_pearl":1,"chickens:roost":182,"createaddition:rolling_mill":2,"minecraft:shears":63,"thermal:machine_pyrolyzer":2,"minecraft:redstone_torch":4,"minecraft:firework_rocket":2,"industrialforegoing:block_placer":91,"minecraft:gravel":130,"minecraft:chainmail_boots":1,"ftbdripper:dripper":6,"tconstruct:crafting_station":1,"minecraft:andesite":3,"ironchest:crystal_chest":281,"minecraft:cobweb":17,"minecraft:oak_fence":33,"immersiveengineering:conveyor_basic":4,"create:mechanical_pump":33,"minecraft:white_carpet":1,"minecraft:hopper":66,"minecraft:diamond_helmet":1,"tconstruct:seared_bricks":45,"industrialforegoing:enchantment_factory":2,"industrialforegoing:advanced_black_hole_unit":114,"refinedstorage:purple_crafting_grid":1,"create:smart_chute":2,"minecraft:bookshelf":32,"tconstruct:tinker_station":2,"industrialforegoing:mob_crusher":16,"ftbstoneblock:1x_compressed_cobblestone":114,"mekanismtools:netherite_paxel":2480,"ftbstoneblock:1x_compressed_endstone":252,"ftbsbc:iron_hammer":476,"thermal:machine_press":4,"mekanism:electric_pump":14,"mekanism:ultimate_universal_cable":448,"minecraft:glass_bottle":3,"minecraft:polished_andesite":9,"minecraft:netherite_chestplate":3,"minecraft:copper_block":1,"minecraft:stonecutter":1,"minecraft:cobblestone_slab":243,"minecraft:stripped_dark_oak_log":3,"prettypipes:pipe":4,"ftbstoneblock:2x_compressed_dirt":46,"refinedstorage:cable":699,"minecraft:apple":2,"refinedstorage:constructor":11,"ironfurnaces:emerald_furnace":5,"minecraft:bucket":424,"industrialforegoing:plant_gatherer":18,"create:hand_crank":3},"minecraft:killed":{"mother_silverfish:poison_silverfish":14,"minecraft:zombie":10,"mother_silverfish:mother_silverfish":1,"minecraft:evoker":1,"minecraft:vindicator":5,"minecraft:endermite":1,"minecraft:zombified_piglin":1,"minecraft:witch":3,"minecraft:spider":6,"minecraft:wither":2,"ars_nouveau:summon_horse":1,"minecraft:silverfish":14,"mother_silverfish:thief_silverfish":17,"minecraft:piglin":3,"minecraft:vex":1,"minecraft:slime":509,"ars_nouveau:summon_wolf":7,"minecraft:hoglin":1,"minecraft:wither_skeleton":2,"minecraft:shulker":4,"minecraft:skeleton":14,"minecraft:chicken":22,"minecraft:magma_cube":9,"instrumentalmobs:drum_zombie":1,"minecraft:enderman":1,"minecraft:creeper":2,"minecraft:stray":1,"minecraft:blaze":10,"mother_silverfish:leech_silverfish":5,"ars_nouveau:wilden_stalker":5,"ars_nouveau:wilden_hunter":8},"minecraft:picked_up":{"minecraft:blue_candle":39,"mob_grinding_utils:fan_upgrade_width":9,"minecraft:stone_slab":8,"projecte:condenser_mk1":2,"minecraft:enchanted_book":12,"thermal:redstone_grenade":1,"botania:mana_tablet":2,"thermal:energy_cell_frame":6,"refinedstorage:grid":3,"minecraft:polished_deepslate":22,"minecraft:music_disc_cat":5,"minecraft:string":10773,"tconstruct:smeltery_controller":6,"thermal:tin_ingot":156,"gag:hearthstone":4,"minecraft:diamond_leggings":4,"mekanism:upgrade_speed":12,"minecraft:bubble_coral":2,"industrialforegoing:laser_lens3":3,"snad:suol_snad":9,"tconstruct:cobalt_nugget":534,"avaritia:neutron_collector":18,"supplementaries:bomb_spiky":18,"minecraft:diamond_ore":8,"immersiveengineering:shader_bag_epic":1,"darkutils:vector_plate_fast":8,"refinedstorage:raw_improved_processor":18,"powah:energizing_orb":4,"ftbstoneblock:warm_silverfish_shard":26,"minecraft:big_dripleaf":3,"create:andesite_casing":29,"entangled:item":2,"minecraft:golden_axe":2,"mob_grinding_utils:saw":2,"ironchest:diamond_chest":4,"minecraft:golden_chestplate":2,"minecraft:cauldron":142,"ftbstoneblock:1x_compressed_stone":46,"thermal:apatite":6237,"botania:manasteel_ingot":4,"minecraft:stone_sword":17,"thermal:machine_pyrolyzer":2,"minecraft:honey_bottle":50,"ftbstoneblock:incomplete_raw_basic_processor":6,"ars_nouveau:worn_notebook":3,"minecraft:carved_pumpkin":6,"farmersdelight:rope":39,"powah:battery_starter":6,"prettypipes:high_extraction_module":2,"supplementaries:ash":17,"minecraft:blaze_rod":8046,"immersiveengineering:plate_steel":8,"minecraft:iron_bars":119,"minecraft:snowball":423,"minecraft:sponge":20,"industrialforegoing:item_transporter_type":12,"thermal:tar":4,"minecraft:feather":434,"industrialforegoing:fluid_laser_base":9,"botania:invisibility_cloak":1,"minecraft:water_bucket":52,"mekanism:dust_coal":20,"ars_nouveau:source_berry":10,"minecraft:copper_block":337,"minecraft:flint":5063,"trashcans:item_trash_can":1,"simplybackpacks:commonbackpack":3,"luggage:luggage":10,"farmersdelight:tomato":19,"tconstruct:ichor_slime_dirt":1,"mekanism:alloy_reinforced":48,"mob_grinding_utils:solid_xp_baby":58,"chickens:catcher":7,"powah:capacitor_basic":1,"projecte:philosophers_stone":2,"industrialforegoing:efficiency_addon_2":12,"minecraft:dark_oak_sign":6,"tconstruct:seared_table":15,"industrialforegoing:range_addon0":11,"tconstruct:blank_sand_cast":320,"minecraft:diamond_helmet":5,"patchouli:guide_book":3,"minecraft:stripped_spruce_log":5,"ftbsbc:stone_hammer":2,"minecraft:iron_hoe":9,"minecraft:polished_andesite":202,"ars_nouveau:apprentice_boots":1,"projecte:repair_talisman":2,"constructionwand:stone_wand":4,"minecraft:lever":79,"minecraft:granite":607,"chiselsandbits:bit_bag":5,"minecraft:spruce_button":8,"minecraft:golden_horse_armor":4,"minecraft:cyan_dye":9722,"ftbstoneblock:2x_compressed_sand":38,"industrialforegoing:latex_bucket":6,"thermal:coal_coke":32,"immersiveengineering:conveyor_basic":18,"thermal:sawdust":22153,"minecraft:crimson_roots":34,"ae2:silicon":1011,"minecraft:diamond_pickaxe":1,"create:copper_sheet":2,"thermal:dynamo_lapidary":1,"tconstruct:ender_slime_sapling":2,"minecraft:clay_ball":6086,"justhammers:diamond_impact_hammer":5,"mob_grinding_utils:absorption_hopper":1,"minecraft:leather_leggings":8,"minecraft:redstone_lamp":126,"minecraft:dragon_head":2,"ars_nouveau:novice_hood":2,"minecraft:cornflower":35,"minecraft:pink_candle":6,"create:fluid_pipe":48,"bloodmagic:blankslate":19,"minecraft:flint_and_steel":2,"minecraft:white_carpet":2,"thermal:raw_nickel":2131,"pipez:advanced_upgrade":23,"justhammers:iron_impact_hammer":2,"powah:thermo_generator_niotic":2,"minecraft:glass_pane":166,"supplementaries:bomb":8,"thermal:niter":1611,"immersiveengineering:treated_fence":2,"immersiveengineering:stick_steel":1,"minecraft:birch_sapling":1168,"minecraft:piston":20,"minecraft:diamond_hoe":1,"industrialforegoing:pity_black_hole_tank":3,"ftbstoneblock:3x_compressed_cobblestone":45,"ars_nouveau:purple_archwood_log":36,"minecraft:stone":1081,"ars_nouveau:air_essence":2,"pipez:item_pipe":141,"minecraft:music_disc_mellohi":3,"rechiseled:glowstone_smooth":14,"minecraft:fire_charge":22,"minecraft:white_dye":24,"farmersdelight:tomato_seeds":63,"tconstruct:sky_slime_dirt":2,"immersiveengineering:concrete":42,"minecraft:red_nether_brick_wall":1,"botania:black_lotus":16,"mekanism:crusher":1,"thermal:nickel_nugget":384,"minecraft:diamond_chestplate":5,"industrialforegoing:plant_gatherer":19,"minecraft:hay_block":2,"industrialforegoing:machine_frame_advanced":13,"industrialforegoing:black_hole_controller":1,"create:depot":7,"refinedstorage:stack_upgrade":25,"minecraft:totem_of_undying":2,"immersiveengineering:rs_engineering":3,"industrialforegoing:laser_lens10":8,"tconstruct:earth_slime_sapling":6,"minecraft:bone_block":264,"minecraft:emerald_ore":2,"minecraft:oxeye_daisy":2,"minecraft:clock":1,"refinedstorageaddons:wireless_crafting_grid":3,"rftoolspower:coalgenerator":66,"minecraft:yellow_dye":435,"refinedstorage:storage_housing":120,"functionalstorage:redstone_upgrade":9,"ars_nouveau:wilden_wing":13,"botania:orange_petal":3,"chiselsandbits:magnifying_glass":4,"industrialforegoing:mob_crusher":14,"farmersdelight:skillet":5,"minecraft:paper":2489,"powah:thermo_generator_blazing":4,"tconstruct:seared_brick":428,"industrialforegoing:dryrubber":42,"industrialforegoing:enchantment_sorter":1,"thermal:ice_grenade":4,"create:crushing_wheel":1,"immersiveengineering:concrete_sheet":12,"minecraft:apple":2123,"minecraft:oak_fence_gate":7,"minecraft:stone_pickaxe":5,"ftbsbc:iron_hammer":6,"minecraft:iron_ore":18,"stonechest:chest_cobblestone":226,"ftbstoneblock:1x_compressed_gravel":18,"minecraft:polished_andesite_stairs":62,"minecraft:smooth_basalt":591,"minecraft:milk_bucket":17,"laserio:card_item":4,"powah:uraninite_raw":20,"justhammers:diamond_hammer":4,"pocketstorage:psu_1":4,"refinedstorage:64k_fluid_storage_disk":3,"create:millstone":28,"experienceobelisk:experience_obelisk":3,"minecraft:coal_ore":2,"farmersdelight:stuffed_potato":2,"minecraft:slime_ball":10044,"immersiveengineering:seed":2637,"industrialforegoing:stasis_chamber":11,"botania:orange_mystical_flower":3,"industrialforegoing:dissolution_chamber":8,"minecraft:birch_sign":9,"minecraft:lodestone":22,"minecraft:red_nether_brick_slab":1,"minecraft:baked_potato":168,"farmersdelight:cooked_salmon_slice":8,"thermal:machine_pulverizer":1,"botanypots:terracotta_botany_pot":5,"minecraft:hopper":88,"chickens:liquid_egg":20223,"constructionwand:diamond_wand":8,"minecraft:ender_chest":1,"create:mechanical_crafter":4,"prettypipes:wrench":3,"mekanism:dust_sulfur":44,"minecraft:stone_brick_stairs":5,"tconstruct:mighty_smelting":6,"projecte:red_matter_block":21,"minecraft:lapis_block":1627,"laserio:card_energy":4,"create:sand_paper":2,"thermal:sulfur":2009,"buddingcrystals:crystal_catalyst":5,"minecraft:smooth_stone":32,"minecraft:comparator":40,"minecraft:bucket":54,"minecraft:light_weighted_pressure_plate":60,"minecraft:red_dye":381,"minecraft:cobblestone_slab":518,"minecraft:ender_eye":695,"minecraft:iron_pickaxe":7,"minecraft:tipped_arrow":22,"industrialforegoing:fluid_transporter_type":12,"ironchest:crystal_chest":186,"mekanismtools:bronze_paxel":10,"ars_creo:starbuncle_wheel":3,"industrialforegoing:plant_fertilizer":2,"minecraft:diorite":547,"tconstruct:flint_shuriken":163,"fluxnetworks:basic_flux_storage":22,"industrialforegoing:mob_duplicator":4,"prettypipes:medium_speed_module":2,"create:large_cogwheel":99,"minecraft:andesite_wall":12,"mekanism:ultimate_universal_cable":43,"industrialforegoing:machine_frame_simple":64,"ars_nouveau:arcane_bricks":4,"minecraft:rotten_flesh":67,"minecraft:music_disc_ward":5,"minecraft:chorus_flower":146,"mekanism:ingot_osmium":47,"minecraft:music_disc_wait":4,"refinedstorage:processor_binding":339,"minecraft:obsidian":268,"minecraft:blaze_powder":9,"minecraft:cobblestone":84889,"minecraft:enchanting_table":2,"ftbstoneblock:dust":10954,"minecraft:leather_chestplate":6,"farmersdelight:smoked_ham":1,"minecraft:repeater":21,"create:fluid_tank":40,"jags:jags":1,"minecraft:andesite":2460,"minecraft:potato":3555,"create:belt_connector":4,"laserio:card_redstone":8,"create:raw_zinc":6615,"minecraft:prismarine_bricks":8,"ftbstoneblock:3x_compressed_gravel":4,"minecraft:dirt":22408,"constructionwand:iron_wand":6,"minecraft:name_tag":2,"immersiveengineering:hemp_fiber":5435,"minecraft:glass":1196,"minecraft:bone":86,"powah:steel_energized":1,"minecraft:bow":6,"minecraft:wheat_seeds":6137,"powah:battery_basic":5,"itemcollectors:advanced_collector":6,"industrialforegoing:laser_drill":59,"charginggadgets:charging_station":1,"minecraft:bamboo":32,"simplylight:lamp_post":8,"minecraft:prismarine":16,"farmersdelight:basket":8,"thermal:raw_tin":46,"tconstruct:pig_iron_ingot":4,"mekanism:upgrade_energy":12,"justhammers:iron_hammer":5,"tconstruct:slime_boots":1,"immersiveengineering:raw_aluminum":166,"prettypipes:pipe":4,"minecraft:grass_block":21,"minecraft:diamond_block":54,"chickens:breeder":5,"mekanism:basic_control_circuit":15,"mob_grinding_utils:jumbo_tank":2,"ftbstoneblock:silverfish_heart":2,"minecraft:sugar":12,"botania:fertilizer":20,"chancecubes:chance_cube":47,"minecraft:crossbow":3,"supercircuitmaker:tiny_redstone":12,"minecraft:bone_meal":2561,"minecraft:golden_apple":5,"mob_grinding_utils:tinted_glass":384,"minecraft:emerald":2794,"minecraft:netherrack":8029,"ars_nouveau:arcane_pedestal":3,"minecraft:oak_leaves":160,"nethersdelight:hoglin_loin":3,"botania:mana_gun":1,"minecraft:ladder":145,"thermal:raw_silver":2119,"minecraft:rabbit_stew":28,"industrialforegoing:fluid_extractor":90,"minecraft:brown_mushroom":40,"industrialforegoing:common_black_hole_unit":3,"minecraft:chain":110,"minecraft:brick":287,"minecraft:shield":6,"mekanism:nugget_osmium":384,"ars_nouveau:amplify_arrow":128,"minecraft:moss_carpet":18,"mekanismtools:steel_paxel":2,"thermal:silver_ingot":3833,"minecraft:blackstone":39,"ars_nouveau:novice_robes":2,"ars_nouveau:starbuncle_shards":4,"thermal:apatite_block":317,"immersiveengineering:workbench":1,"prettypipes:low_speed_module":6,"minecraft:end_stone":12127,"botania:mana_bottle":7,"create:hand_crank":7,"minecraft:trident":4,"industrialforegoing:block_placer":27,"minecraft:brown_dye":652,"create:zinc_ingot":8140,"create:deployer":18,"ftbstoneblock:2x_compressed_cobblestone":410,"minecraft:tube_coral":1,"minecraft:weeping_vines":10,"ae2:certus_quartz_dust":2285,"minecraft:pumpkin_pie":32,"minecraft:nether_bricks":209,"immersiveengineering:shader":1,"farmersdelight:mushroom_rice":1,"farmersdelight:bacon_sandwich":1,"tconstruct:puny_smelting":9,"instrumentalmobs:drum":1,"minecraft:skeleton_skull":2,"minecraft:purple_dye":406,"powah:battery_blazing":1,"ftbstoneblock:stonepebble":93,"tconstruct:travelers_boots":3,"supplementaries:flint_block":153,"minecraft:golden_carrot":17,"minecraft:leather":456,"mininggadgets:modificationtable":1,"minecraft:music_disc_stal":3,"compactcrafting:field_projector":14,"functionalstorage:copper_upgrade":2,"botania:cosmetic_tiny_potato_mask":4,"botania:blacker_lotus":2,"minecraft:crimson_fungus":42,"minecraft:chainmail_chestplate":4,"minecraft:gunpowder":10441,"thermal:silver_nugget":576,"prettypipes:stack_size_module":2,"tconstruct:ender_slime_crystal":111,"create:copper_nugget":749,"refinedstorage:crafter":11,"refinedstorage:destructor":42,"ae2:sky_dust":1908,"minecraft:gray_carpet":2,"simplemagnets:basicmagnet":1,"thermal:diamond_gear":84,"farmersdelight:fruit_salad":1,"minecraft:iron_ingot":21983,"industrialforegoing:tinydryrubber":922,"minecraft:cooked_chicken":8,"refinedstorage:cable":372,"buddingcrystals:budding_lapis_lazuli":1,"minecraft:polished_andesite_slab":122,"tconstruct:seared_stone":9,"minecraft:warped_fungus":5,"minecraft:black_candle":64,"minecraft:emerald_block":90,"industrialforegoing:machine_frame_pity":51,"refinedstorage:constructor":5,"ftbstoneblock:2x_compressed_netherrack":94,"minecraft:quartz":3739,"compactmachines:wall":32,"minecraft:lava_bucket":18,"mekanism:nugget_uranium":10520,"botania:speed_up_belt":2,"minecraft:amethyst_shard":872,"mekanismtools:diamond_paxel":3,"minecraft:soul_torch":12,"minecraft:nether_brick_slab":1,"prettypipes:high_speed_module":6,"refinedstorage:importer":91,"ironfurnaces:augment_blasting":23,"ars_nouveau:wilden_spike":9,"tconstruct:ender_slime_dirt":1,"minecraft:pumpkin_seeds":167,"minecraft:sculk_sensor":4,"tconstruct:gold_bars":6,"create:zinc_nugget":702,"mekanism:fluorite_gem":2546,"ironfurnaces:emerald_furnace":4,"mob_grinding_utils:saw_upgrade_smite":6,"compactmachines:personal_shrinking_device":1,"minecraft:iron_chestplate":5,"torchmaster:feral_flare_lantern":16,"refinedstorage:speed_upgrade":8,"minecraft:chainmail_boots":7,"minecraft:creeper_head":2,"minecraft:anvil":4,"minecraft:prismarine_shard":417,"minecraft:diamond_sword":5,"mekanism:dust_iron":64,"thermal:netherite_dust":64,"create:wrench":1,"minecraft:wither_rose":6,"projecte:condenser_mk2":3,"refinedstorage:controller":3,"minecraft:golden_sword":3,"immersiveengineering:stick_treated":2,"farmersdelight:cutting_board":5,"mekanismgenerators:heat_generator":42,"minecraft:soul_soil":4575,"tconstruct:earth_slime_dirt":1,"ftbstoneblock:1x_compressed_netherrack":14,"botania:auto_crafting_halo":1,"pipez:energy_pipe":699,"minecraft:beetroot":2576,"create:water_wheel":28,"minecraft:gold_nugget":19010,"minecraft:cobbled_deepslate":2777,"minecraft:spruce_planks":3,"thermal:rf_potato":6,"minecraft:melon_slice":41,"minecraft:coal_block":146,"ftbsbc:fire_plow":3,"minecraft:beehive":30,"farmersdelight:red_mushroom_colony":10,"minecraft:music_disc_blocks":2,"ftbstoneblock:mob_soul":591,"minecraft:composter":43,"projecte:dark_matter":7,"thermal:lightning_grenade":2,"tconstruct:seared_faucet":12,"projecte:red_matter":5,"minecraft:black_dye":443,"tconstruct:sky_slime_crystal":786,"botania:livingrock":3,"create:scoria":13,"thermal:lead_ingot":43,"minecraft:blue_dye":29,"minecraft:iron_block":808,"rftoolsutility:crafter1":4,"avaritia:extreme_crafting_table":1,"botania:livingwood_log":4,"mekanism:basic_fluid_tank":1,"mob_grinding_utils:fan_upgrade_height":6,"ftbstoneblock:1x_compressed_cobblestone":621,"minecraft:birch_log":3234,"industrialforegoing:animal_feeder":1,"minecraft:magma_block":307,"industrialforegoing:range_addon3":4,"botania:manasteel_boots":2,"powah:dielectric_casing":20,"minecraft:iron_door":12,"minecraft:birch_slab":4,"functionalstorage:armory_cabinet":4,"minecraft:powder_snow_bucket":18,"ftbstoneblock:2x_compressed_gravel":29,"refinedstorage:cyan_grid":2,"minecraft:glow_squid_spawn_egg":2,"ars_nouveau:amulet_of_mana_boost":1,"minecraft:brown_candle":12,"minecraft:twisting_vines":12,"chickens:henhouse":2,"minecraft:chipped_anvil":4,"pipez:fluid_pipe":217,"ftbstoneblock:1x_compressed_sand":1801,"farmersdelight:vegetable_soup":1,"ftbquests:book":2,"refinedstorage:purple_grid":1,"botanypots:terracotta_hopper_botany_pot":2,"create:shaft":147,"refinedstorage:advanced_processor":62,"ftbsbc:diamond_hammer":5,"refinedstorage:range_upgrade":4,"minecraft:glowstone_dust":3041,"minecraft:moss_block":32,"tconstruct:sky_slime_sapling":2,"create:super_glue":6,"botania:mana_pool":2,"thermal:machine_press":3,"immersiveengineering:blueprint":3,"thermal:wrench":3,"mekanism:metallurgic_infuser":2,"functionalstorage:compacting_drawer":16,"torchbowmod:multitorch":2,"tconstruct:ingot_sand_cast":1,"ae2:certus_quartz_crystal":12,"botania:blaze_block":11,"minecraft:dropper":5,"minecraft:ink_sac":15,"minecraft:fermented_spider_eye":15,"minecraft:dark_oak_log":3,"ars_nouveau:wilden_horn":11,"minecraft:barrel":109,"thermal:glowstone_grenade":3,"createaddition:brass_rod":18,"ars_nouveau:novice_boots":2,"minecraft:dispenser":13,"farmersdelight:glow_berry_custard":7,"refinedstorage:wireless_transmitter":1,"industrialforegoing:range_addon9":4,"minecraft:blue_ice":4,"minecraft:bread":8,"minecraft:chainmail_helmet":4,"minecraft:crafting_table":21,"minecraft:nether_wart":461,"mekanism:alloy_infused":93,"chiselsandbits:chisel_diamond":1,"gravestone:obituary":16,"thermal:nickel_ingot":3248,"ars_nouveau:archwood_slab":4,"immersiveengineering:manual":3,"powah:energizing_rod_starter":2,"supplementaries:globe":1,"minecraft:netherite_scrap":109,"tconstruct:copper_can":48,"ars_nouveau:apprentice_hood":1,"industrialforegoing:mob_slaughter_factory":1,"refinedstorage:exporter":275,"minecraft:respawn_anchor":4,"immersiveengineering:fluid_pump":4,"minecraft:music_disc_otherside":6,"minecraft:beef":9,"rftoolsutility:timer":4,"minecraft:iron_nugget":10747,"ironfurnaces:diamond_furnace":4,"refinedstorage:external_storage":77,"minecraft:chest":68,"mininggadgets:mininggadget":3,"minecraft:egg":1708,"projecte:red_alchemical_bag":1,"ironchest:iron_chest":80,"minecraft:spruce_fence":15,"minecraft:cake":12,"ftbsbc:stone_rod":688,"minecraft:redstone":2278,"refinedstorage:4k_storage_part":3,"create:brass_casing":1,"extendedexchange:alchemy_table":1,"minecraft:prismarine_crystals":8864,"create:steam_engine":14,"botania:overgrowth_seed":4,"minecraft:tnt":1,"industrialforegoing:range_addon7":9,"botania:phantom_ink":16,"functionalstorage:gold_upgrade":2,"ars_nouveau:enchanting_apparatus":2,"immersiveengineering:cloche":12,"minecraft:beetroot_seeds":4305,"mob_grinding_utils:ender_inhibitor_on":4,"ironfurnaces:gold_furnace":3,"botania:apothecary_default":1,"minecraft:shears":1,"minecraft:diamond_boots":1,"create:zinc_block":642,"minecraft:gold_ingot":6723,"minecraft:glow_berries":16,"farmersdelight:brown_mushroom_colony":4,"minecraft:stripped_oak_log":5,"mekanism:electric_pump":8,"create:iron_sheet":106,"create:brass_sheet":110,"minecraft:fox_spawn_egg":5,"minecraft:red_mushroom":28,"thermal:netherite_nugget":13562,"minecraft:oak_log":19077,"farmersdelight:shepherds_pie":12,"minecraft:ancient_debris":21,"minecraft:golden_boots":1,"minecraft:white_banner":1,"bloodmagic:weakbloodorb":6,"pipez:basic_upgrade":13,"tconstruct:seared_heater":2,"minecraft:stone_bricks":4,"minecraft:kelp":186,"industrialforegoing:pitiful_generator":2,"minecraft:music_disc_far":6,"ironfurnaces:augment_speed":1,"minecraft:cobweb":34,"mekanism:steel_casing":2,"minecraft:glass_bottle":4,"bloodmagic:sacrificialdagger":3,"laserio:card_fluid":4,"elevatorid:elevator_white":8,"refinedstorage:64k_fluid_storage_part":1,"minecraft:daylight_detector":4,"extendedexchange:lime_matter":3,"industrialforegoing:plastic":202,"botania:hopperhock":1,"projecte:mobius_fuel":13,"minecraft:spyglass":2,"minecraft:gravel":23845,"industrialforegoing:advanced_black_hole_unit":34,"powah:spirited_crystal_block":15,"minecraft:spruce_sapling":142,"minecraft:orange_candle":90,"minecraft:spruce_log":667,"ftbstoneblock:3x_compressed_stone":4,"bloodmagic:reinforcedslate":8,"ftbsbc:stone_crook":2,"minecraft:stone_axe":2,"create:smart_chute":3,"create:mechanical_pump":33,"minecraft:scute":2,"thermal:dynamo_gourmand":1,"industrialforegoing:laser_lens0":1,"tconstruct:seared_melter":3,"minecraft:warped_roots":9,"minecraft:oak_button":1003,"minecraft:melon_seeds":58,"minecraft:stripped_dark_oak_log":3,"immersiveengineering:hammer":3,"minecraft:pink_dye":256,"minecraft:ender_pearl":8072,"minecraft:shulker_shell":1,"ars_nouveau:novice_leggings":5,"tconstruct:seared_drain":1,"minecraft:music_disc_strad":7,"minecraft:wheat":3104,"industrialforegoing:plant_sower":9,"cobblefordays:tier_5":1,"minecraft:potion":4,"minecraft:turtle_egg":10,"minecraft:nether_brick":30,"chancecubes:silk_touch_pendant":2,"powah:thermo_generator_basic":8,"ironfurnaces:augment_generator":28,"minecraft:raw_copper":4194,"minecraft:iron_leggings":3,"minecraft:netherite_ingot":134,"ftbstoneblock:incomplete_raw_improved_processor":2,"bloodmagic:daggerofsacrifice":1,"bloodmagic:altar":3,"minecraft:oak_sign":27,"minecraft:sea_pickle":16,"cobblefordays:tier_1":16,"create:mechanical_press":7,"compactmachines:machine_tiny":1,"minecraft:redstone_torch":4,"immersiveengineering:nugget_aluminum":401,"functionalstorage:linking_tool":3,"prettypipes:random_sorting_modifier":6,"minecraft:iron_boots":5,"minecraft:furnace":51,"pipez:improved_upgrade":24,"botania:lexicon":7,"minecraft:stick":11335,"create:mechanical_mixer":6,"farmersdelight:rotten_tomato":1,"minecraft:oak_fence":57,"thermal:raw_lead":91,"minecraft:torch":691,"ftbstoneblock:crushed_endstone":3028,"tconstruct:scorched_brick":94,"ars_nouveau:archwood_chest":8,"minecraft:dried_kelp":52,"minecraft:target":20,"minecraft:pointed_dripstone":88,"minecraft:music_disc_pigstep":1,"pipez:wrench":4,"immersiveengineering:fluid_pipe":5,"minecraft:quartz_block":63,"snad:snad":96,"minecraft:cactus":7,"thermal:slime_grenade":4,"thermal:electrum_ingot":3,"thermal:lead_nugget":10187,"thermal:cinnabar_block":386,"create:veridium":9,"refinedstorage:1k_storage_part":37,"ftbsbc:netherite_auto_hammer":7,"minecraft:cod":45,"immersiveengineering:slab_treated_wood_horizontal":2,"tconstruct:seared_bricks":166,"ftbstoneblock:2x_compressed_stone":4,"minecraft:magma_cream":723,"minecraft:magenta_dye":256,"minecraft:tuff":492,"chickens:chicken_item":616,"minecraft:horn_coral":1,"minecraft:wither_skeleton_skull":9,"refinedstorage:improved_processor":3,"thermal:tin_gear":1,"minecraft:lapis_lazuli":13033,"thermal:upgrade_augment_1":4,"powah:dielectric_paste":309,"mekanismtools:gold_paxel":4,"industrialforegoing:gold_gear":143,"createaddition:alternator":3,"botania:mana_diamond":1,"minecraft:leather_boots":5,"projecte:collector_mk3":1,"mekanismtools:refined_obsidian_sword":1,"ftbdripper:dripper":21,"minecraft:raw_gold":3277,"ftbsbc:iron_auto_hammer":37,"minecraft:light_blue_dye":128,"ironfurnaces:augment_fuel":21,"ars_nouveau:ritual_awakening":1,"simplemagnets:advancedmagnet":1,"ars_nouveau:potion_jar":2,"industrialforegoing:enchantment_factory":2,"minecraft:oak_planks":1542,"minecraft:stone_hoe":4,"ironfurnaces:iron_furnace":1,"ae2:fluix_sword":1,"minecraft:ghast_tear":9120,"tconstruct:necrotic_bone":2,"minecraft:music_disc_13":4,"create:cogwheel":152,"minecraft:poisonous_potato":33,"tempad:tempad":3,"torchmaster:megatorch":4,"minecraft:sand":15874,"mob_grinding_utils:fan":8,"minecraft:dark_prismarine":4,"thermal:tin_nugget":576,"minecraft:clay":265,"minecraft:diamond":1575,"create:filter":2,"tconstruct:seared_basin":9,"cobblefordays:tier_2":4,"darkutils:vector_plate":48,"minecraft:polished_blackstone_button":21,"industrialforegoing:enchantment_extractor":1,"minecraft:oak_sapling":9233,"chickens:roost":75,"minecraft:nether_star":1640,"ftbstoneblock:1x_compressed_endstone":473,"minecraft:charcoal":42,"immersiveengineering:wirecutter":1,"tconstruct:crafting_station":1,"minecraft:chicken":406,"tconstruct:seared_channel":27,"thermal:cinnabar":2538,"torchbowmod:torchbow":8,"immersiveengineering:heavy_engineering":6,"ars_nouveau:warp_scroll":3,"mob_grinding_utils:wither_muffler":12,"createaddition:rolling_mill":5,"tconstruct:earth_slime_crystal":709,"rechiseled:glowstone_smooth_connecting":18,"ars_nouveau:archwood_planks":2,"immersiveengineering:ingot_aluminum":37,"ftbquests:lootcrate":97,"thermal:fluid_cell_frame":6,"minecraft:stone_stairs":13,"minecraft:iron_axe":1,"create:chute":4,"ars_nouveau:source_berry_pie":2,"minecraft:candle":123,"justhammers:diamond_reinforced_hammer":2,"tconstruct:earth_slime_sling":3,"create:basin":7,"minecraft:sugar_cane":279,"industrialforegoing:fertilizer":32,"minecraft:dark_oak_sapling":3,"refinedstorage:16k_storage_part":1,"minecraft:raw_iron":3892,"minecraft:orange_dye":403,"thermal:ender_grenade":3,"tconstruct:blood_slime_ball":4,"extendedexchange:lime_collector":1,"create:golden_sheet":8,"minecraft:copper_ingot":3479,"minecraft:bowl":48,"minecraft:gray_dye":452,"ars_nouveau:purple_archwood_sapling":6,"extendedexchange:green_collector":3,"minecraft:stone_button":7,"soulshards:vile_sword":6,"minecraft:iron_horse_armor":5,"minecraft:dark_oak_planks":2,"mekanism:block_fluorite":60,"minecraft:lime_candle":72,"minecraft:arrow":96,"immersiveengineering:steel_scaffolding_standard":4,"industrialforegoing:straw":7,"tconstruct:tinker_station":3,"ftbstoneblock:cold_silverfish_shard":134,"minecraft:saddle":5,"functionalstorage:pusher_upgrade":1,"industrialforegoing:laser_lens14":2,"supplementaries:faucet":11,"thermal:fire_grenade":5,"immersiveengineering:ingot_steel":433,"minecraft:cracked_deepslate_tiles":1,"minecraft:glow_ink_sac":42,"tconstruct:part_builder":2,"createaddition:honey_cake":32,"create:andesite_alloy":141,"minecraft:nether_wart_block":8,"minecraft:cobblestone_stairs":390,"trashcans:liquid_trash_can":2,"immersiveengineering:treated_wood_horizontal":11,"tconstruct:sky_slime_sling":5,"rftoolsbase:dimensionalshard":170,"botania:blood_pendant":3,"industrialforegoing:latex_processing_unit":2,"industrialforegoing:range_addon11":9,"fluxnetworks:flux_controller":7,"refinedstorage:basic_processor":72,"tconstruct:bacon":99,"minecraft:soul_sand":3581,"minecraft:green_dye":315,"minecraft:music_disc_chirp":1,"minecraft:book":52,"minecraft:scaffolding":21,"ftbsbc:gold_auto_hammer":12,"minecraft:oak_slab":249,"chiselsandbits:chiseledrock":4,"minecraft:pumpkin":39,"ftbsbc:diamond_auto_hammer":15,"minecraft:budding_amethyst":6,"ars_nouveau:red_archwood_sapling":3,"refinedstorage:quartz_enriched_iron":575,"refinedstorage:pattern":39,"minecraft:blast_furnace":1,"industrialforegoing:ore_laser_base":7,"mekanism:raw_osmium":58,"minecraft:spider_eye":12,"powah:dielectric_rod_horizontal":33,"powah:energizing_rod_basic":5,"minecraft:lime_dye":128,"refinedstorage:construction_core":11,"create:brass_ingot":502,"minecraft:campfire":8,"create:encased_fan":8,"minecraft:iron_helmet":8,"tconstruct:pattern":1,"minecraft:coal":15257,"ironfurnaces:netherite_furnace":50},"minecraft:mined":{"minecraft:red_nether_brick_slab":1,"minecraft:dragon_wall_head":2,"extendedexchange:green_collector":3,"powah:energizing_orb":4,"refinedstorage:cyan_grid":2,"supplementaries:blaze_rod":3,"thermal:dynamo_gourmand":1,"minecraft:spawner":6,"ironchest:crystal_chest":128,"minecraft:magma_block":65,"projecte:condenser_mk2":3,"minecraft:barrel":26,"minecraft:fire":29,"pipez:fluid_pipe":38,"tconstruct:seared_melter":3,"industrialforegoing:dissolution_chamber":8,"stonechest:chest_cobblestone":62,"create:mechanical_press":7,"minecraft:tripwire":1,"create:cogwheel":114,"minecraft:kelp_plant":49,"ironfurnaces:iron_furnace":1,"minecraft:torch":237,"minecraft:melon":5,"refinedstorage:importer":92,"minecraft:nether_brick_slab":1,"minecraft:sugar_cane":150,"minecraft:birch_sapling":10,"create:basin":4,"tconstruct:seared_faucet":6,"extendedexchange:lime_collector":1,"minecraft:wither_rose":1,"minecraft:grass":10,"thermal:machine_press":3,"industrialforegoing:mob_slaughter_factory":1,"chickens:roost":73,"minecraft:smooth_basalt":10,"immersiveengineering:conveyor_basic":4,"minecraft:deepslate":1,"minecraft:attached_pumpkin_stem":1,"farmersdelight:basket":2,"minecraft:nether_brick_wall":1,"minecraft:dark_oak_log":1,"create:fluid_tank":44,"minecraft:redstone_wire":21,"create:encased_fan":8,"industrialforegoing:fluid_extractor":88,"create:shaft":30,"tconstruct:seared_stone":2,"minecraft:andesite":26,"minecraft:vine":4,"minecraft:cobblestone_slab":133,"create:deployer":18,"minecraft:ender_chest":1,"minecraft:oak_slab":5,"rechiseled:glowstone_smooth_connecting":18,"minecraft:soul_sand":19,"industrialforegoing:common_black_hole_unit":1,"ftbstoneblock:2x_compressed_dirt":46,"powah:energizing_rod_basic":1,"create:fluid_pipe":29,"mininggadgets:modificationtable":1,"create:mechanical_pump":33,"minecraft:campfire":16,"minecraft:tall_grass":8,"immersiveengineering:concrete":42,"minecraft:gravel":118,"minecraft:cobweb":84,"industrialforegoing:fluid_laser_base":7,"minecraft:birch_sign":1,"mekanism:electric_pump":8,"minecraft:oak_sapling":64,"minecraft:farmland":14,"ftbstoneblock:1x_compressed_endstone":188,"tconstruct:seared_bricks":2,"tconstruct:seared_channel":12,"industrialforegoing:advanced_black_hole_unit":22,"industrialforegoing:enchantment_factory":2,"immersiveengineering:concrete_sheet":12,"minecraft:composter":10,"tconstruct:seared_table":16,"cobblefordays:tier_1":16,"supplementaries:ash":13,"ftbsbc:gold_auto_hammer":12,"minecraft:pointed_dripstone":26,"industrialforegoing:ore_laser_base":6,"refinedstorage:purple_grid":1,"industrialforegoing:animal_feeder":1,"ftbsbc:diamond_auto_hammer":11,"supplementaries:stick":23,"industrialforegoing:laser_drill":58,"botania:blaze_block":1,"create:brass_casing":1,"minecraft:nether_quartz_ore":2,"minecraft:wither_skeleton_wall_skull":3,"ironfurnaces:emerald_furnace":4,"minecraft:oak_planks":7,"minecraft:wall_torch":65,"minecraft:cauldron":57,"create:glass_fluid_pipe":4,"projecte:collector_mk3":1,"cobblefordays:tier_2":2,"minecraft:lava_cauldron":11,"ftbstoneblock:2x_compressed_cobblestone":74,"ironchest:diamond_chest":3,"minecraft:tnt":2,"minecraft:oak_log":138,"minecraft:beetroots":481,"minecraft:dirt":217,"tconstruct:seared_heater":2,"minecraft:dispenser":1,"refinedstorage:controller":1,"minecraft:ancient_debris":1,"ars_nouveau:red_archwood_sapling":1,"immersiveengineering:workbench":1,"prettypipes:pipe":2,"torchmaster:megatorch":3,"minecraft:lever":4,"minecraft:ladder":24,"create:depot":5,"supplementaries:faucet":5,"minecraft:spruce_leaves":14,"chickens:breeder":3,"ftbstoneblock:dust":6,"mekanism:ultimate_universal_cable":37,"rftoolspower:coalgenerator":66,"mekanism:basic_fluid_tank":1,"minecraft:bookshelf":16,"avaritia:neutron_collector":16,"minecraft:stripped_oak_log":5,"ftbsbc:iron_auto_hammer":36,"minecraft:scaffolding":3,"minecraft:stripped_dark_oak_log":4,"pipez:item_pipe":106,"minecraft:oak_fence":13,"tconstruct:seared_basin":10,"industrialforegoing:mob_crusher":14,"ironfurnaces:diamond_furnace":4,"ftbstoneblock:2x_compressed_sand":29,"elevatorid:elevator_white":8,"create:andesite_casing":9,"tconstruct:seared_drain":1,"minecraft:carved_pumpkin":6,"refinedstorage:constructor":6,"ftbstoneblock:1x_compressed_gravel":12,"minecraft:hopper":69,"minecraft:crimson_fungus":7,"create:belt":2,"industrialforegoing:enchantment_sorter":1,"projecte:condenser_mk1":2,"minecraft:weeping_vines_plant":3,"industrialforegoing:plant_gatherer":18,"minecraft:pumpkin":14,"charginggadgets:charging_station":1,"minecraft:enchanting_table":2,"powah:energizing_rod_starter":2,"minecraft:cave_vines":3,"ftbdripper:dripper":6,"minecraft:dirt_path":2,"mob_grinding_utils:wither_muffler":3,"tconstruct:part_builder":3,"mekanism:osmium_ore":8,"pipez:energy_pipe":635,"minecraft:soul_fire":6,"powah:thermo_generator_blazing":4,"minecraft:blast_furnace":1,"minecraft:polished_andesite_stairs":32,"minecraft:wheat":251,"create:mechanical_mixer":3,"minecraft:pumpkin_stem":7,"refinedstorage:wireless_transmitter":1,"create:hand_crank":3,"refinedstorage:external_storage":73,"minecraft:piston":2,"thermal:machine_pyrolyzer":2,"create:millstone":25,"industrialforegoing:pitiful_generator":2,"industrialforegoing:mob_duplicator":4,"refinedstorage:exporter":169,"mekanismgenerators:heat_generator":42,"thermal:dynamo_lapidary":1,"minecraft:nether_bricks":3,"ftbsbc:netherite_auto_hammer":7,"minecraft:crimson_roots":4,"minecraft:kelp":11,"powah:thermo_generator_niotic":2,"minecraft:potatoes":210,"ironchest:iron_chest":1,"minecraft:bamboo":6,"mekanism:crusher":1,"minecraft:hanging_roots":1,"minecraft:comparator":11,"industrialforegoing:black_hole_controller":1,"compactcrafting:field_projector":14,"create:water_wheel":25,"ars_nouveau:purple_archwood_sapling":2,"ars_creo:starbuncle_wheel":3,"refinedstorage:destructor":42,"tconstruct:smeltery_controller":6,"minecraft:spruce_log":206,"minecraft:birch_leaves":6,"create:crushing_wheel":1,"trashcans:liquid_trash_can":2,"ftbstoneblock:1x_compressed_cobblestone":54,"ftbstoneblock:2x_compressed_gravel":47,"industrialforegoing:stasis_chamber":11,"minecraft:attached_melon_stem":1,"tconstruct:tinker_station":3,"industrialforegoing:plant_sower":9,"minecraft:cave_vines_plant":1,"minecraft:grass_block":9,"minecraft:infested_cobblestone":1,"minecraft:soul_soil":5,"ftbstoneblock:1x_compressed_dirt":4,"refinedstorage:grid":3,"rftoolsutility:crafter1":1,"botania:apothecary_default":1,"minecraft:glowstone":5,"ironfurnaces:gold_furnace":3,"minecraft:anvil":1,"industrialforegoing:block_placer":27,"minecraft:birch_wall_sign":2,"mob_grinding_utils:tinted_glass":232,"create:steam_engine":15,"minecraft:twisting_vines_plant":2,"minecraft:melon_stem":1,"minecraft:clay":17,"minecraft:chest":22,"minecraft:cobblestone":1267,"minecraft:iron_door":1,"minecraft:seagrass":1,"industrialforegoing:plant_fertilizer":2,"minecraft:nether_wart_block":7,"minecraft:birch_log":91,"industrialforegoing:pity_black_hole_tank":3,"immersiveengineering:fluid_pump":2,"minecraft:sand":9,"tconstruct:crafting_station":1,"industrialforegoing:latex_processing_unit":2,"minecraft:wither_skeleton_skull":5,"minecraft:netherrack":208,"minecraft:oak_leaves":70,"minecraft:redstone_lamp":22,"minecraft:tuff":5,"gravestone:gravestone":5,"create:large_cogwheel":60,"farmersdelight:tomatoes":2,"minecraft:polished_andesite_slab":75,"refinedstorage:cable":329,"powah:thermo_generator_basic":8,"createaddition:rolling_mill":2,"thermal:machine_pulverizer":1,"minecraft:spruce_sapling":30,"minecraft:furnace":3,"immersiveengineering:hemp":90,"minecraft:stripped_spruce_log":3,"ironfurnaces:netherite_furnace":2,"minecraft:stone":2688,"minecraft:podzol":1,"rechiseled:glowstone_smooth":14,"minecraft:crafting_table":11,"ftbstoneblock:1x_compressed_sand":9,"industrialforegoing:enchantment_extractor":1,"mekanism:metallurgic_infuser":2,"minecraft:beehive":7,"minecraft:redstone_torch":2,"create:smart_chute":2,"refinedstorage:crafter":11,"minecraft:polished_andesite":12,"minecraft:crimson_hyphae":3},"minecraft:killed_by":{"minecraft:witch":1},"minecraft:crafted":{"pipez:basic_upgrade":1,"justhammers:netherite_hammer":8,"pipez:wrench":1,"immersiveengineering:hammer":2,"minecraft:oak_sign":9,"industrialforegoing:mob_duplicator":1,"minecraft:blaze_powder":1202,"ftbsbc:netherite_hammer":4,"ironfurnaces:iron_furnace":147,"minecraft:diamond_shovel":1,"mekanismgenerators:heat_generator":26,"minecraft:nether_brick":17,"ironfurnaces:diamond_furnace":131,"justhammers:reinforced_core":8,"thermal:machine_frame":1,"mininggadgets:upgrade_efficiency_5":1,"projecte:dark_matter_block":1,"thermal:bronze_dust":256,"minecraft:diamond_helmet":1,"refinedstorage:crafting_grid":1,"avaritia:crystal_matrix_ingot":1,"mekanism:elite_universal_cable":8,"industrialforegoing:plant_sower":2,"minecraft:iron_door":3,"powah:energizing_rod_starter":2,"create:cogwheel":122,"ppfluids:fluid_pipe":3,"tconstruct:flint_shuriken":128,"rftoolsstorage:storage_scanner":1,"mekanism:energy_tablet":1,"avaritia:neutron_nugget":642,"minecraft:redstone_lamp":64,"industrialforegoing:black_hole_controller":1,"powah:capacitor_basic_large":8,"create:rose_quartz":14,"createaddition:diamond_grit_sandpaper":1,"minecraft:smithing_table":3,"ftbsbc:stone_rod":492,"ironfurnaces:augment_blasting":66,"minecraft:sticky_piston":1,"ftbstoneblock:2x_compressed_endstone":44,"create:mechanical_mixer":1,"thermal:dynamo_lapidary":1,"ironfurnaces:augment_speed":3,"thermal:tin_gear":2,"industrialforegoing:fluid_extractor":75,"mininggadgets:upgrade_efficiency_3":1,"mininggadgets:modificationtable":1,"minecraft:stone_slab":186,"industrialforegoing:mob_crusher":3,"avaritia:neutronium_ingot":71,"create:large_cogwheel":49,"minecraft:netherite_ingot":1928,"refinedstorage:machine_casing":24,"farmersdelight:onion":1,"refinedstorage:upgrade":395,"create:wrench":1,"minecraft:iron_nugget":189,"ironfurnaces:augment_generator":67,"minecraft:diamond_hoe":1,"pocketstorage:psu_2":1,"mob_grinding_utils:wither_muffler":2,"create:smart_chute":1,"mekanism:combiner":1,"minecraft:jack_o_lantern":6,"tconstruct:seared_basin":1,"refinedstorage:external_storage":259,"ftbstoneblock:3x_compressed_sand":4,"compactcrafting:base":4,"mininggadgets:mininggadget":1,"industrialforegoing:plant_gatherer":3,"ironfurnaces:emerald_furnace":131,"immersiveengineering:fluid_pump":1,"prettypipes:high_retrieval_module":1,"pocketstorage:psu_4":1,"minecraft:stone_pickaxe":7,"prettypipes:low_retrieval_module":1,"refinedstorage:64k_fluid_storage_part":68,"create:belt_connector":5,"ftbsbc:iron_hammer":33,"create:brass_sheet":68,"industrialforegoing:laser_drill":21,"literalskyblock:sky_block":256,"refinedstorage:1024k_fluid_storage_part":7,"industrialforegoing:animal_feeder":1,"refinedstorage:destructor":33,"minecraft:wheat_seeds":2,"minecraft:dark_oak_button":48,"immersiveengineering:blueprint":1,"tconstruct:seared_heater":2,"minecraft:oak_fence_gate":1,"refinedstorage:purple_grid":1,"immersiveengineering:conveyor_basic":8,"thermal:enderium_dust":16,"refinedstorage:1024k_fluid_storage_disk":1,"minecraft:armor_stand":1,"industrialforegoing:advanced_black_hole_unit":100,"powah:capacitor_basic":88,"ftbsbc:netherite_auto_hammer":4,"create:shaft":136,"refinedstorage:improved_processor":0,"ftbdripper:dripper":1,"tconstruct:grout":136,"mekanismtools:diamond_paxel":1,"minecraft:cobblestone_slab":330,"powah:battery_basic":2,"refinedstorage:cable":1380,"refinedstorage:controller":3,"minecraft:stone":586,"minecraft:heavy_weighted_pressure_plate":3,"prettypipes:high_extraction_module":2,"pipez:fluid_pipe":128,"mininggadgets:upgrade_battery_3":1,"ae2:nether_quartz_cutting_knife":2,"immersiveengineering:cloche":2,"industrialforegoing:pitiful_generator":1,"minecraft:bow":5,"mekanism:ultimate_universal_cable":8,"minecraft:comparator":1,"minecraft:chest":988,"industrialforegoing:gold_gear":327,"tconstruct:seared_fuel_tank":1,"minecraft:oak_button":1388,"minecraft:copper_block":235,"mekanism:basic_fluid_tank":1,"minecraft:birch_button":80,"projecte:aeternalis_fuel_block":64,"minecraft:ender_eye":426,"minecraft:oak_fence":126,"create:brass_hand":3,"industrialforegoing:enchantment_sorter":1,"minecraft:dropper":860,"rftoolspower:coalgenerator":72,"create:depot":1,"industrialforegoing:ore_laser_base":1,"mekanismtools:netherite_paxel":1,"minecraft:cauldron":65,"powah:thermo_generator_blazing":1,"projecte:mobius_fuel":225,"create:fluid_pipe":4,"industrialforegoing:enchantment_factory":1,"minecraft:iron_helmet":1,"refinedstorage:exporter":305,"create:zinc_nugget":454,"ironfurnaces:obsidian_furnace":129,"botania:blood_pendant":1,"simplemagnets:advancedmagnet":1,"ftbstoneblock:1x_compressed_sand":2797,"refinedstorage:speed_upgrade":387,"cobblefordays:tier_1":19,"rechiseled:chisel":2,"ironchest:diamond_chest":158,"minecraft:dispenser":1,"tconstruct:seared_channel":5,"ftbsbc:gold_auto_hammer":22,"create:water_wheel":10,"minecraft:purple_dye":124,"minecraft:netherite_block":34,"minecraft:stick":544,"mekanism:crusher":1,"minecraft:iron_ingot":11763,"ae2:cable_anchor":128,"prettypipes:medium_retrieval_module":1,"functionalstorage:armory_cabinet":1,"minecraft:beetroot_soup":16,"ftbstoneblock:2x_compressed_dirt":46,"create:chute":4,"mekanism:basic_universal_cable":8,"tesseract:tesseract":1,"pocketstorage:psu_1":1,"minecraft:spruce_button":128,"mininggadgets:upgrade_range_2":1,"minecraft:furnace":269,"minecraft:blast_furnace":66,"minecraft:piston":221,"ironchest:dirt_chest":1,"minecraft:flint_and_steel":1,"refinedstorage:crafter":9,"justhammers:destructor_core":8,"refinedstorage:constructor":7,"minecraft:scaffolding":174,"refinedstorage:4096k_fluid_storage_part":2,"ironfurnaces:augment_fuel":65,"tconstruct:ingot_sand_cast":142,"compactcrafting:field_projector":4,"powah:thermo_generator_starter":8,"refinedstorage:256k_fluid_storage_disk":1,"mininggadgets:upgrade_fortune_3":10,"create:copper_sheet":11,"tconstruct:copper_can":24,"refinedstorage:4096k_fluid_storage_disk":2,"mekanism:block_fluorite":60,"create:basin":1,"functionalstorage:oak_1":2,"minecraft:birch_sign":3,"refinedstorage:256k_fluid_storage_part":22,"tconstruct:rod_sand_cast":8,"create:andesite_alloy":192,"elevatorid:elevator_white":4,"ftbstoneblock:2x_compressed_netherrack":47,"mininggadgets:upgrade_efficiency_1":1,"thermal:machine_press":1,"industrialforegoing:block_placer":74,"pipez:energy_pipe":768,"minecraft:iron_sword":5,"refinedstorage:range_upgrade":7,"ftbstoneblock:1x_compressed_endstone":881,"industrialforegoing:machine_frame_pity":354,"minecraft:dirt":27,"ae2:silicon":0,"mininggadgets:upgrade_three_by_three":1,"tconstruct:seared_drain":1,"avaritia:double_compressed_crafting_table":1,"ftbstoneblock:1x_compressed_cobblestone":5768,"functionalstorage:copper_upgrade":1,"create:whisk":1,"mekanism:enrichment_chamber":1,"tconstruct:seared_faucet":3,"mekanism:advanced_control_circuit":2,"supplementaries:flint_block":168,"minecraft:torch":3016,"thermal:rf_coil":67,"minecraft:diamond_chestplate":1,"ironchest:iron_chest":237,"minecraft:ender_chest":66,"tconstruct:scorched_fuel_gauge":1,"mekanism:ingot_osmium":640,"mekanism:configurator":1,"immersiveengineering:fluid_pipe":8,"minecraft:oak_pressure_plate":1,"projecte:swiftwolf_rending_gale":1,"pipez:item_pipe":912,"projecte:alchemical_chest":1,"industrialforegoing:iron_gear":8,"thermal:copper_gear":3,"stonechest:chest_cobblestone":76,"compactcrafting:projector_dish":4,"minecraft:lever":66,"minecraft:bookshelf":44,"botania:ender_hand":2,"avaritia:neutron_collector":2,"minecraft:iron_bars":144,"ironchest:crystal_chest":158,"prettypipes:blank_module":36,"tconstruct:seared_melter":1,"charginggadgets:charging_station":1,"minecraft:quartz_block":384,"minecraft:glass":0,"minecraft:repeater":61,"minecraft:diamond_leggings":1,"create:mechanical_press":3,"thermal:cinnabar_block":146,"refinedstorage:grid":7,"mininggadgets:upgrade_efficiency_2":1,"refinedstorage:processor_binding":7792,"mob_grinding_utils:tinted_glass":900,"snad:snad":16,"industrialforegoing:laser_lens10":1,"ftbstoneblock:1x_compressed_stone":172,"powah:thermoelectric_plate":46,"compactmachines:personal_shrinking_device":1,"minecraft:flower_pot":2,"torchmaster:megatorch":9,"projecte:dark_matter":4,"minecraft:glass_bottle":6,"justhammers:netherite_destructor_hammer":2,"minecraft:diamond_axe":1,"refinedstorage:fortune_3_upgrade":1,"refinedstorage:purple_crafting_grid":1,"refinedstorage:storage_housing":64,"rsinfinitybooster:infinity_card":1,"minecraft:gravel":45,"projecte:philosophers_stone":1,"torchmaster:dreadlamp":2,"tconstruct:blank_sand_cast":200,"minecraft:clock":1,"minecraft:copper_ingot":252,"industrialforegoing:dissolution_chamber":2,"prettypipes:low_extraction_module":3,"minecraft:hay_block":665,"minecraft:campfire":8,"tconstruct:scorched_alloyer":1,"minecraft:blaze_rod":135,"avaritia:diamond_lattice":2,"create:encased_fan":2,"mininggadgets:upgrade_efficiency_4":1,"thermal:dynamo_gourmand":1,"ftbsbc:stone_hammer":8,"computercraft:pocket_computer_normal":1,"minecraft:iron_block":1909,"minecraft:gold_ingot":4661,"refinedstorage:importer":172,"create:propeller":4,"powah:capacitor_blazing":2,"refinedstorage:wireless_grid":2,"powah:capacitor_basic_tiny":66,"mekanism:advanced_universal_cable":8,"powah:dielectric_casing":25,"minecraft:smooth_stone_slab":6,"ironfurnaces:netherite_furnace":129,"supplementaries:faucet":2,"mininggadgets:upgrade_range_1":1,"mininggadgets:upgrade_range_3":1,"industrialforegoing:dryrubber":1229,"create:golden_sheet":7,"minecraft:bone_meal":1584,"create:iron_sheet":92,"thermal:apatite":2097,"minecraft:white_carpet":3,"functionalstorage:linking_tool":1,"minecraft:diamond":477,"autosmithingtable:auto_smithing_table":1,"refinedstorage:64k_fluid_storage_disk":1,"minecraft:ladder":54,"mekanism:electric_pump":8,"minecraft:diamond_boots":1,"ftbsbc:iron_auto_hammer":32,"minecraft:redstone_block":1734,"create:electron_tube":8,"minecraft:dark_oak_planks":92,"industrialforegoing:pity_black_hole_tank":2,"minecraft:coal_block":2360,"powah:dielectric_paste":272,"ironchest:gold_chest":158,"simplemagnets:basicmagnet":2,"projecte:archangel_smite":1,"ae2:certus_crystal_seed":2,"minecraft:dried_kelp":45,"functionalstorage:oak_4":4,"refinedstorage:wireless_transmitter":1,"industrialforegoing:mob_imprisonment_tool":2,"ftbstoneblock:3x_compressed_cobblestone":21,"minecraft:glowstone":896,"thermal:diamond_gear":212,"minecraft:cobblestone":1514,"minecraft:golden_apple":1,"thermal:lead_ingot":192,"ironchest:obsidian_chest":1,"thermal:cinnabar":1314,"mininggadgets:upgrade_fortune_2":10,"industrialforegoing:latex_processing_unit":3,"create:zinc_block":773,"projecte:gem_of_eternal_density":1,"minecraft:iron_leggings":1,"functionalstorage:storage_controller":1,"refinedstorage:stack_upgrade":89,"minecraft:oak_planks":14316,"createaddition:rolling_mill":1,"minecraft:sand":1701,"ftbstoneblock:2x_compressed_cobblestone":453,"create:deployer":3,"mininggadgets:upgrade_battery_1":1,"ftbstoneblock:1x_compressed_dirt":419,"minecraft:hopper":12,"minecraft:iron_boots":1,"refinedstorage:4k_storage_part":6,"justhammers:diamond_hammer":12,"thermal:machine_pulverizer":1,"powah:energizing_rod_basic":1,"refinedstorage:pattern_grid":1,"refinedstorage:disk_drive":3,"minecraft:stone_hoe":2,"mekanism:elite_control_circuit":2,"mininggadgets:upgrade_battery_2":1,"ftbsbc:gold_hammer":22,"minecraft:oak_slab":252,"ftbsbc:diamond_hammer":28,"minecraft:crafting_table":453,"justhammers:reinforced_impact_core":8,"powah:capacitor_niotic":2,"minecraft:spruce_planks":1024,"ftbsbc:fire_plow":9,"prettypipes:medium_extraction_module":2,"create:sand_paper":1,"minecraft:gold_block":97,"industrialforegoing:enchantment_extractor":1,"minecraft:brewing_stand":66,"minecraft:birch_planks":116,"minecraft:pumpkin_seeds":1,"industrialforegoing:plant_fertilizer":1,"refinedstorage:basic_processor":0,"industrialforegoing:common_black_hole_unit":1,"rftoolsstorage:storage_module0":1,"farmersdelight:cutting_board":1,"ae2:facade":128,"minecraft:book":194,"minecraft:string":650,"minecraft:iron_chestplate":1,"powah:capacitor_hardened":2,"minecraft:paper":1878,"minecraft:charcoal":48,"minecraft:diamond_pickaxe":21,"minecraft:emerald_block":557,"mekanism:steel_casing":15,"minecraft:shield":1,"minecraft:light_weighted_pressure_plate":135,"rftoolsstorage:modular_storage":1,"ftbstoneblock:2x_compressed_sand":112,"minecraft:redstone_torch":462,"tconstruct:seared_bricks":67,"prettypipes:stack_size_module":2,"minecraft:shears":1,"refinedstorage:pattern":2,"minecraft:polished_andesite":184,"stonechest:part_cobblestone":304,"minecraft:coal":981,"ironfurnaces:gold_furnace":130,"rftoolsbase:machine_frame":101,"thermal:apatite_block":233,"refinedstorage:16k_storage_part":2,"industrialforegoing:stasis_chamber":4,"industrialforegoing:fluid_laser_base":2,"ftbstoneblock:2x_compressed_gravel":16,"powah:thermo_generator_hardened":1,"refinedstorage:quartz_enriched_iron":7284,"ftbstoneblock:1x_compressed_gravel":152,"minecraft:diamond_block":1276,"minecraft:glass_pane":128,"ftbsbc:diamond_auto_hammer":22,"refinedstorage:destruction_core":531,"projecte:aeternalis_fuel":58,"minecraft:leather":1,"minecraft:polished_deepslate":8,"prettypipes:item_terminal":1,"minecraft:iron_axe":9,"avaritia:compressed_crafting_table":49,"minecraft:iron_hoe":2,"create:millstone":9,"tconstruct:seared_table":2,"create:fluid_tank":4,"immersiveengineering:component_iron":4,"chickens:breeder":26,"prettypipes:pipe":72,"powah:dielectric_rod_horizontal":84,"gag:hearthstone":1,"refinedstorage:1k_storage_part":54,"refinedstorage:1k_storage_disk":2,"minecraft:sugar":1919,"minecraft:red_dye":64,"minecraft:bone_block":176,"minecraft:diamond_sword":2,"minecraft:cyan_dye":1,"thermal:constantan_gear":2,"trashcans:liquid_trash_can":2,"mekanism:metallurgic_infuser":3,"luggage:luggage":2,"powah:energizing_orb":1,"minecraft:bowl":8,"farmersdelight:cabbage_seeds":1,"ironfurnaces:augment_factory":1,"minecraft:bucket":244,"minecraft:stone_axe":4,"minecraft:amethyst_block":69,"minecraft:air":0,"literalskyblock:void_block":8,"minecraft:bread":331,"refinedstorageaddons:wireless_crafting_grid":2,"refinedstorage:fluid_grid":1,"minecraft:blue_dye":326,"immersiveengineering:concrete":160,"powah:dielectric_rod":56,"projecte:alchemical_coal":900,"powah:thermo_generator_basic":8,"tconstruct:seared_ingot_gauge":1,"ftbstoneblock:1x_compressed_netherrack":458,"justhammers:iron_hammer":17,"minecraft:white_wool":256,"mininggadgets:upgrade_empty":64,"powah:thermo_generator_niotic":1,"minecraft:gold_nugget":18,"powah:battery_starter":1,"tconstruct:crafting_station":1,"projecte:iron_band":196,"pocketstorage:psu_3":1,"mininggadgets:upgrade_fortune_1":10,"industrialforegoing:mob_slaughter_factory":1,"refinedstorage:construction_core":588,"justhammers:impact_core":8,"chickens:roost":155,"create:zinc_ingot":6957,"minecraft:lapis_lazuli":10044,"minecraft:clay":81,"minecraft:lapis_block":1527,"minecraft:firework_rocket":126},"minecraft:custom":{"minecraft:interact_with_crafting_table":271,"minecraft:damage_blocked_by_shield":313,"minecraft:play_time":3534968,"minecraft:deaths":5,"minecraft:jump":28501,"minecraft:horse_one_cm":1519,"minecraft:inspect_dispenser":3,"minecraft:interact_with_anvil":6,"minecraft:inspect_hopper":369,"minecraft:time_since_rest":2653876,"minecraft:swim_one_cm":4881,"minecraft:open_chest":4010,"minecraft:talked_to_villager":6,"minecraft:interact_with_brewingstand":9,"minecraft:fill_cauldron":1,"minecraft:damage_taken":9930,"minecraft:aviate_one_cm":19163,"minecraft:open_barrel":210,"minecraft:eat_cake_slice":17,"minecraft:leave_game":34,"minecraft:time_since_death":2653852,"champions:champion_mobs_killed":651,"minecraft:enchant_item":13,"minecraft:interact_with_furnace":497,"minecraft:traded_with_villager":3,"minecraft:damage_dealt":34808,"minecraft:use_cauldron":101,"minecraft:interact_with_smithing_table":5,"minecraft:opened_chance_cube":3,"minecraft:sneak_time":101441,"minecraft:interact_with_lectern":2,"minecraft:interact_with_blast_furnace":1,"minecraft:total_world_time":3534968,"minecraft:interact_with_stonecutter":1,"minecraft:fly_one_cm":6385406,"minecraft:fall_one_cm":343612,"minecraft:animals_bred":11,"minecraft:sprint_one_cm":3418387,"minecraft:drop":2398,"minecraft:walk_on_water_one_cm":106730,"minecraft:crouch_one_cm":207185,"minecraft:mob_kills":691,"minecraft:climb_one_cm":67801,"minecraft:walk_one_cm":8311071,"minecraft:walk_under_water_one_cm":43568,"minecraft:damage_absorbed":1010,"minecraft:trigger_trapped_chest":18},"minecraft:dropped":{"industrialforegoing:plastic":32,"thermal:diamond_gear":21,"minecraft:lapis_lazuli":100,"minecraft:diamond":133,"minecraft:weeping_vines":1,"refinedstorage:exporter":3,"botania:blood_pendant":2,"minecraft:emerald":15,"minecraft:sand":10502,"industrialforegoing:machine_frame_pity":13,"minecraft:iron_nugget":4,"projecte:red_matter_block":80,"extendedexchange:alchemy_table":1,"compactmachines:personal_shrinking_device":1,"bloodmagic:sacrificialdagger":1,"minecraft:glass":2,"ars_nouveau:arcane_bricks":2,"minecraft:wheat_seeds":166,"pipez:basic_upgrade":1,"minecraft:clock":1,"ftbstoneblock:2x_compressed_gravel":8,"industrialforegoing:gold_gear":13,"minecraft:lava_bucket":1,"ftbstoneblock:stonepebble":11,"ftbstoneblock:2x_compressed_cobblestone":1,"minecraft:iron_boots":1,"industrialforegoing:range_addon0":2,"immersiveengineering:hammer":1,"minecraft:diamond_sword":1,"minecraft:spruce_planks":106,"create:zinc_ingot":2,"minecraft:bow":1,"pipez:wrench":3,"minecraft:soul_sand":1542,"minecraft:oak_log":80,"minecraft:ender_pearl":151,"minecraft:nether_star":1728,"luggage:luggage":1,"ftbstoneblock:mob_soul":56,"minecraft:redstone_lamp":61,"ftbstoneblock:1x_compressed_cobblestone":512,"ars_nouveau:novice_hood":1,"minecraft:gold_ingot":71,"thermal:tin_ingot":256,"thermal:raw_silver":2,"minecraft:beetroot_seeds":72,"immersiveengineering:creosote_bucket":1,"create:andesite_alloy":17,"minecraft:bread":1,"create:zinc_nugget":198,"bloodmagic:daggerofsacrifice":1,"simplybackpacks:commonbackpack":1,"ironfurnaces:netherite_furnace":48,"gag:hearthstone":1,"minecraft:andesite":890,"minecraft:oak_sapling":27,"ae2:certus_quartz_dust":7,"industrialforegoing:efficiency_addon_2":1,"refinedstorageaddons:wireless_crafting_grid":4,"ftbquests:lootcrate":1,"tconstruct:seared_stone":1,"ftbstoneblock:incomplete_raw_basic_processor":4,"botania:apothecary_default":1,"create:cogwheel":36,"minecraft:dirt":192,"ftbstoneblock:incomplete_raw_improved_processor":1,"constructionwand:iron_wand":1,"projecte:philosophers_stone":1,"thermal:raw_tin":6,"minecraft:nether_brick":26,"minecraft:end_stone":64,"minecraft:blaze_powder":2,"justhammers:iron_hammer":2,"create:wrench":1,"ftbsbc:iron_auto_hammer":1,"mininggadgets:mininggadget":1,"industrialforegoing:machine_frame_advanced":1,"minecraft:egg":1,"minecraft:iron_ingot":5671,"ftbstoneblock:crushed_endstone":2964,"minecraft:copper_block":10,"farmersdelight:skillet":1,"minecraft:feather":64,"minecraft:cobblestone":4274,"minecraft:granite":258,"minecraft:coal":2,"chickens:chicken_item":88,"thermal:lead_ingot":192,"minecraft:paper":3,"minecraft:string":1,"minecraft:furnace":3,"minecraft:moss_carpet":4,"ars_nouveau:source_berry":1,"minecraft:netherite_ingot":718,"snad:snad":48,"botania:mana_tablet":1,"minecraft:potato":63,"minecraft:cobblestone_slab":53,"minecraft:stone":9,"ftbstoneblock:dust":13041,"industrialforegoing:range_addon9":1,"ironchest:crystal_chest":1,"ae2:certus_quartz_crystal":1,"ars_nouveau:warp_scroll":2,"immersiveengineering:blueprint":1,"minecraft:flint":1,"minecraft:netherite_scrap":2,"create:large_cogwheel":3,"industrialforegoing:straw":1,"minecraft:gravel":12911,"minecraft:chainmail_boots":1,"create:brass_ingot":36,"tconstruct:sky_slime_crystal":6,"immersiveengineering:seed":31,"minecraft:netherrack":211,"extendedexchange:lime_matter":1,"justhammers:diamond_hammer":3,"minecraft:water_bucket":2,"minecraft:diamond_leggings":1,"minecraft:copper_ingot":642,"powah:battery_basic":3,"minecraft:stick":73,"ftbsbc:stone_hammer":2,"minecraft:diorite":18,"minecraft:torch":1,"refinedstorage:external_storage":4,"refinedstorage:processor_binding":2,"minecraft:redstone":32,"minecraft:smooth_basalt":55,"botania:ender_hand":1,"mekanismtools:diamond_paxel":2,"bloodmagic:blankslate":55,"create:shaft":1,"minecraft:blaze_rod":21,"minecraft:raw_copper":4,"tconstruct:blank_sand_cast":567,"minecraft:tuff":143,"minecraft:raw_iron":15,"minecraft:glass_pane":26,"create:veridium":9,"thermal:niter":4,"simplemagnets:basicmagnet":1},"minecraft:broken":{"justhammers:diamond_hammer":7,"ftbsbc:fire_plow":8,"minecraft:stone_hoe":1,"minecraft:iron_pickaxe":2,"justhammers:netherite_destructor_hammer":1,"minecraft:stone_pickaxe":7,"minecraft:stone_axe":1,"justhammers:iron_hammer":8,"ftbsbc:iron_hammer":1,"ftbsbc:stone_hammer":8,"create:sand_paper":1}},"DataVersion":2975}