{"stats":{"minecraft:custom":{"minecraft:interact_with_crafting_table":270,"minecraft:open_barrel":62,"minecraft:eat_cake_slice":17,"minecraft:leave_game":18,"minecraft:time_since_death":687882,"champions:champion_mobs_killed":236,"minecraft:damage_blocked_by_shield":33,"minecraft:play_time":1568998,"minecraft:deaths":5,"minecraft:jump":13693,"minecraft:interact_with_furnace":282,"minecraft:traded_with_villager":1,"minecraft:damage_dealt":12268,"minecraft:use_cauldron":71,"minecraft:inspect_hopper":191,"minecraft:opened_chance_cube":3,"minecraft:sneak_time":28191,"minecraft:interact_with_blast_furnace":1,"minecraft:total_world_time":1568998,"minecraft:time_since_rest":687906,"minecraft:swim_one_cm":4197,"minecraft:fly_one_cm":2898744,"minecraft:open_chest":2986,"minecraft:fall_one_cm":139758,"minecraft:animals_bred":11,"minecraft:sprint_one_cm":1675537,"minecraft:drop":1171,"minecraft:talked_to_villager":4,"minecraft:walk_on_water_one_cm":52484,"minecraft:crouch_one_cm":59859,"minecraft:mob_kills":246,"minecraft:fill_cauldron":1,"minecraft:climb_one_cm":42663,"minecraft:walk_one_cm":3969912,"minecraft:walk_under_water_one_cm":25656,"minecraft:damage_taken":4852,"minecraft:damage_absorbed":1010,"minecraft:trigger_trapped_chest":3},"minecraft:killed_by":{"minecraft:witch":1},"minecraft:mined":{"create:andesite_casing":9,"tconstruct:seared_drain":1,"minecraft:carved_pumpkin":6,"ftbstoneblock:1x_compressed_gravel":12,"minecraft:hopper":42,"minecraft:spawner":6,"industrialforegoing:plant_gatherer":9,"ironchest:crystal_chest":13,"minecraft:magma_block":61,"minecraft:barrel":24,"pipez:fluid_pipe":13,"tconstruct:seared_melter":2,"minecraft:pumpkin":14,"ftbdripper:dripper":6,"minecraft:cave_vines":2,"minecraft:dirt_path":1,"stonechest:chest_cobblestone":59,"create:mechanical_press":7,"minecraft:tripwire":1,"create:cogwheel":44,"tconstruct:part_builder":2,"mekanism:osmium_ore":8,"minecraft:kelp_plant":26,"pipez:energy_pipe":32,"ironfurnaces:iron_furnace":1,"minecraft:torch":77,"minecraft:blast_furnace":1,"minecraft:polished_andesite_stairs":32,"minecraft:melon":5,"refinedstorage:importer":5,"minecraft:sugar_cane":26,"minecraft:birch_sapling":3,"create:basin":4,"tconstruct:seared_faucet":6,"minecraft:wheat":91,"create:mechanical_mixer":3,"minecraft:pumpkin_stem":7,"create:hand_crank":3,"immersiveengineering:conveyor_basic":4,"minecraft:attached_pumpkin_stem":1,"farmersdelight:basket":2,"create:millstone":10,"minecraft:dark_oak_log":1,"create:fluid_tank":32,"refinedstorage:exporter":8,"create:encased_fan":6,"minecraft:kelp":8,"industrialforegoing:fluid_extractor":6,"create:shaft":19,"tconstruct:seared_stone":2,"minecraft:andesite":26,"minecraft:potatoes":128,"minecraft:cobblestone_slab":69,"minecraft:vine":4,"create:deployer":12,"minecraft:oak_slab":5,"industrialforegoing:common_black_hole_unit":1,"minecraft:hanging_roots":1,"minecraft:comparator":6,"minecraft:soul_sand":1,"ftbstoneblock:2x_compressed_dirt":46,"create:fluid_pipe":18,"create:mechanical_pump":32,"minecraft:campfire":16,"create:water_wheel":17,"ars_nouveau:purple_archwood_sapling":2,"tconstruct:smeltery_controller":6,"minecraft:spruce_log":206,"minecraft:birch_leaves":6,"minecraft:gravel":118,"minecraft:cobweb":84,"mekanism:electric_pump":1,"ftbstoneblock:1x_compressed_cobblestone":54,"ftbstoneblock:2x_compressed_gravel":47,"minecraft:attached_melon_stem":1,"minecraft:oak_sapling":28,"minecraft:farmland":1,"tconstruct:tinker_station":2,"industrialforegoing:plant_sower":3,"ftbstoneblock:1x_compressed_endstone":188,"tconstruct:seared_bricks":2,"minecraft:cave_vines_plant":1,"minecraft:infested_cobblestone":1,"tconstruct:seared_channel":12,"ftbstoneblock:1x_compressed_dirt":4,"minecraft:composter":10,"cobblefordays:tier_1":2,"tconstruct:seared_table":16,"refinedstorage:grid":2,"rftoolsutility:crafter1":1,"botania:apothecary_default":1,"ironfurnaces:gold_furnace":3,"ftbsbc:gold_auto_hammer":12,"minecraft:anvil":1,"industrialforegoing:block_placer":6,"supplementaries:stick":13,"minecraft:pointed_dripstone":21,"minecraft:birch_wall_sign":1,"create:steam_engine":13,"minecraft:melon_stem":1,"minecraft:clay":17,"minecraft:chest":20,"create:brass_casing":1,"minecraft:cobblestone":874,"ironfurnaces:emerald_furnace":3,"minecraft:oak_planks":7,"minecraft:wall_torch":51,"minecraft:cauldron":11,"minecraft:seagrass":1,"create:glass_fluid_pipe":2,"minecraft:birch_log":91,"ftbstoneblock:2x_compressed_cobblestone":74,"industrialforegoing:pity_black_hole_tank":2,"ironchest:diamond_chest":3,"minecraft:tnt":1,"minecraft:oak_log":128,"immersiveengineering:fluid_pump":2,"minecraft:beetroots":390,"minecraft:sand":6,"minecraft:dirt":79,"tconstruct:seared_heater":2,"industrialforegoing:latex_processing_unit":1,"minecraft:netherrack":4,"ars_nouveau:red_archwood_sapling":1,"minecraft:oak_leaves":70,"minecraft:tuff":5,"torchmaster:megatorch":2,"gravestone:gravestone":5,"minecraft:lever":1,"minecraft:ladder":19,"create:large_cogwheel":47,"create:depot":5,"minecraft:polished_andesite_slab":57,"supplementaries:faucet":5,"minecraft:spruce_leaves":14,"refinedstorage:cable":24,"ftbstoneblock:dust":4,"createaddition:rolling_mill":2,"minecraft:spruce_sapling":1,"minecraft:furnace":3,"minecraft:stripped_spruce_log":3,"rftoolspower:coalgenerator":9,"mekanism:basic_fluid_tank":1,"ftbsbc:iron_auto_hammer":14,"minecraft:stone":1832,"minecraft:stripped_dark_oak_log":4,"pipez:item_pipe":10,"minecraft:crafting_table":10,"ftbstoneblock:1x_compressed_sand":9,"tconstruct:seared_basin":9,"ironfurnaces:diamond_furnace":3,"ftbstoneblock:2x_compressed_sand":29,"minecraft:beehive":5,"create:smart_chute":2,"minecraft:polished_andesite":12},"minecraft:broken":{"justhammers:diamond_hammer":6,"ftbsbc:fire_plow":8,"minecraft:stone_hoe":1,"minecraft:iron_pickaxe":2,"ftbsbc:stone_hammer":8,"minecraft:stone_pickaxe":7,"minecraft:stone_axe":1,"justhammers:iron_hammer":8,"ftbsbc:iron_hammer":1,"create:sand_paper":1},"minecraft:picked_up":{"minecraft:blue_candle":18,"minecraft:iron_chestplate":1,"torchmaster:feral_flare_lantern":4,"minecraft:chainmail_boots":4,"mob_grinding_utils:fan_upgrade_width":3,"minecraft:creeper_head":1,"minecraft:anvil":2,"minecraft:diamond_sword":3,"minecraft:enchanted_book":4,"thermal:energy_cell_frame":2,"refinedstorage:grid":2,"farmersdelight:cutting_board":2,"minecraft:string":159,"tconstruct:smeltery_controller":6,"gag:hearthstone":2,"pipez:energy_pipe":32,"minecraft:beetroot":634,"create:water_wheel":17,"minecraft:diamond_leggings":2,"mekanism:upgrade_speed":8,"minecraft:gold_nugget":31,"minecraft:cobbled_deepslate":1439,"minecraft:spruce_planks":1,"industrialforegoing:laser_lens3":1,"thermal:rf_potato":2,"snad:suol_snad":3,"minecraft:melon_slice":31,"minecraft:coal_block":124,"supplementaries:bomb_spiky":2,"minecraft:beehive":16,"ftbstoneblock:mob_soul":62,"minecraft:composter":21,"create:andesite_casing":15,"entangled:item":1,"minecraft:golden_axe":1,"tconstruct:seared_faucet":8,"ironchest:diamond_chest":4,"minecraft:cauldron":12,"thermal:apatite":1616,"ftbstoneblock:1x_compressed_stone":2,"tconstruct:sky_slime_crystal":127,"minecraft:stone_sword":9,"minecraft:honey_bottle":22,"ars_nouveau:worn_notebook":2,"minecraft:carved_pumpkin":6,"rftoolsutility:crafter1":1,"farmersdelight:rope":13,"botania:livingwood_log":4,"powah:battery_starter":2,"mekanism:basic_fluid_tank":1,"minecraft:blaze_rod":9,"minecraft:iron_bars":13,"ftbstoneblock:1x_compressed_cobblestone":615,"minecraft:birch_log":89,"industrialforegoing:item_transporter_type":4,"minecraft:magma_block":114,"industrialforegoing:range_addon3":1,"botania:manasteel_boots":1,"minecraft:iron_door":5,"minecraft:birch_slab":4,"minecraft:water_bucket":2,"ars_nouveau:source_berry":3,"minecraft:copper_block":10,"minecraft:powder_snow_bucket":8,"minecraft:flint":1937,"ftbstoneblock:2x_compressed_gravel":23,"simplybackpacks:commonbackpack":2,"luggage:luggage":3,"minecraft:glow_squid_spawn_egg":1,"minecraft:brown_candle":6,"mob_grinding_utils:solid_xp_baby":12,"minecraft:chipped_anvil":2,"pipez:fluid_pipe":21,"ftbstoneblock:1x_compressed_sand":2,"ftbquests:book":1,"chickens:catcher":2,"minecraft:dark_oak_sign":2,"industrialforegoing:range_addon0":3,"tconstruct:seared_table":15,"create:shaft":24,"tconstruct:blank_sand_cast":320,"minecraft:diamond_helmet":1,"minecraft:glowstone_dust":122,"minecraft:moss_block":8,"create:super_glue":1,"functionalstorage:compacting_drawer":4,"patchouli:guide_book":2,"tconstruct:ingot_sand_cast":1,"ae2:certus_quartz_crystal":1,"botania:blaze_block":7,"minecraft:stripped_spruce_log":3,"minecraft:fermented_spider_eye":5,"minecraft:dark_oak_log":3,"minecraft:barrel":47,"ars_nouveau:wilden_horn":4,"ftbsbc:stone_hammer":2,"minecraft:iron_hoe":7,"createaddition:brass_rod":6,"minecraft:polished_andesite":120,"minecraft:dispenser":4,"farmersdelight:glow_berry_custard":3,"minecraft:lever":5,"minecraft:granite":384,"chiselsandbits:bit_bag":2,"minecraft:bread":7,"immersiveengineering:conveyor_basic":12,"ae2:silicon":30,"minecraft:crafting_table":10,"minecraft:clay_ball":965,"minecraft:leather_leggings":2,"gravestone:obituary":8,"ars_nouveau:archwood_slab":3,"minecraft:cornflower":21,"immersiveengineering:manual":2,"create:fluid_pipe":20,"minecraft:flint_and_steel":1,"thermal:raw_nickel":602,"pipez:advanced_upgrade":4,"justhammers:iron_impact_hammer":1,"refinedstorage:exporter":9,"minecraft:glass_pane":17,"supplementaries:bomb":2,"minecraft:respawn_anchor":2,"immersiveengineering:fluid_pump":2,"thermal:niter":220,"minecraft:iron_nugget":5329,"ironfurnaces:diamond_furnace":3,"mininggadgets:mininggadget":2,"minecraft:chest":20,"minecraft:birch_sapling":91,"minecraft:piston":4,"minecraft:egg":416,"industrialforegoing:pity_black_hole_tank":2,"ars_nouveau:purple_archwood_log":7,"minecraft:stone":112,"pipez:item_pipe":10,"minecraft:spruce_fence":5,"minecraft:fire_charge":22,"farmersdelight:tomato_seeds":16,"minecraft:cake":3,"ftbsbc:stone_rod":125,"minecraft:redstone":879,"create:brass_casing":1,"create:steam_engine":12,"industrialforegoing:range_addon7":5,"minecraft:diamond_chestplate":1,"immersiveengineering:cloche":3,"minecraft:beetroot_seeds":1524,"ironfurnaces:gold_furnace":3,"mob_grinding_utils:ender_inhibitor_on":1,"industrialforegoing:plant_gatherer":9,"botania:apothecary_default":1,"minecraft:shears":1,"minecraft:diamond_boots":1,"create:depot":5,"minecraft:gold_ingot":19,"tconstruct:earth_slime_sapling":1,"minecraft:glow_berries":6,"mekanism:electric_pump":1,"rftoolspower:coalgenerator":9,"minecraft:fox_spawn_egg":3,"minecraft:red_mushroom":15,"functionalstorage:redstone_upgrade":2,"ars_nouveau:wilden_wing":5,"minecraft:oak_log":129,"botania:orange_petal":1,"chiselsandbits:magnifying_glass":1,"farmersdelight:skillet":2,"minecraft:paper":10,"industrialforegoing:dryrubber":21,"bloodmagic:weakbloodorb":2,"pipez:basic_upgrade":4,"minecraft:apple":14,"tconstruct:seared_heater":2,"minecraft:kelp":61,"minecraft:music_disc_far":1,"minecraft:stone_pickaxe":2,"ftbsbc:iron_hammer":4,"minecraft:cobweb":34,"mekanism:steel_casing":2,"bloodmagic:sacrificialdagger":1,"stonechest:chest_cobblestone":85,"minecraft:polished_andesite_stairs":31,"laserio:card_fluid":2,"ftbstoneblock:1x_compressed_gravel":6,"minecraft:smooth_basalt":64,"minecraft:milk_bucket":9,"projecte:mobius_fuel":3,"minecraft:spyglass":1,"minecraft:gravel":11434,"laserio:card_item":2,"powah:uraninite_raw":10,"minecraft:spruce_sapling":54,"minecraft:orange_candle":54,"minecraft:spruce_log":206,"justhammers:diamond_hammer":3,"pocketstorage:psu_1":1,"create:millstone":10,"experienceobelisk:experience_obelisk":1,"minecraft:slime_ball":120,"ftbsbc:stone_crook":1,"minecraft:stone_axe":1,"create:smart_chute":2,"create:mechanical_pump":32,"minecraft:birch_sign":5,"tconstruct:seared_melter":2,"minecraft:warped_roots":3,"minecraft:baked_potato":104,"minecraft:melon_seeds":38,"minecraft:stripped_dark_oak_log":3,"immersiveengineering:hammer":1,"minecraft:hopper":47,"minecraft:ender_pearl":73,"tconstruct:seared_drain":1,"minecraft:wheat":269,"constructionwand:diamond_wand":1,"create:mechanical_crafter":3,"industrialforegoing:plant_sower":3,"prettypipes:wrench":1,"minecraft:potion":2,"minecraft:stone_brick_stairs":1,"chancecubes:silk_touch_pendant":1,"tconstruct:mighty_smelting":3,"laserio:card_energy":2,"minecraft:raw_copper":1220,"minecraft:iron_leggings":1,"bloodmagic:altar":1,"minecraft:oak_sign":9,"thermal:sulfur":279,"cobblefordays:tier_1":2,"create:mechanical_press":7,"minecraft:comparator":12,"minecraft:bucket":13,"minecraft:cobblestone_slab":177,"minecraft:iron_pickaxe":4,"functionalstorage:linking_tool":1,"prettypipes:random_sorting_modifier":1,"minecraft:furnace":5,"pipez:improved_upgrade":8,"minecraft:tipped_arrow":7,"minecraft:stick":195,"botania:lexicon":4,"industrialforegoing:fluid_transporter_type":4,"create:mechanical_mixer":4,"ironchest:crystal_chest":16,"minecraft:oak_fence":6,"thermal:raw_lead":11,"minecraft:torch":353,"ftbstoneblock:crushed_endstone":2964,"mekanismtools:bronze_paxel":3,"minecraft:target":4,"minecraft:pointed_dripstone":48,"minecraft:diorite":141,"tconstruct:flint_shuriken":83,"fluxnetworks:basic_flux_storage":1,"pipez:wrench":1,"create:large_cogwheel":48,"snad:snad":48,"minecraft:cactus":7,"minecraft:rotten_flesh":18,"create:veridium":9,"minecraft:chorus_flower":48,"refinedstorage:processor_binding":17,"minecraft:blaze_powder":5,"minecraft:cobblestone":32122,"tconstruct:seared_bricks":39,"ftbstoneblock:dust":2485,"minecraft:leather_chestplate":3,"create:fluid_tank":28,"minecraft:repeater":6,"minecraft:andesite":1498,"minecraft:potato":625,"minecraft:tuff":87,"laserio:card_redstone":4,"create:raw_zinc":963,"minecraft:lapis_lazuli":6189,"minecraft:dirt":8281,"thermal:upgrade_augment_1":1,"constructionwand:iron_wand":1,"powah:dielectric_paste":187,"mekanismtools:gold_paxel":1,"createaddition:alternator":1,"minecraft:leather_boots":3,"minecraft:glass":288,"minecraft:bone":29,"ftbdripper:dripper":11,"minecraft:bow":2,"minecraft:wheat_seeds":439,"powah:battery_basic":1,"minecraft:raw_gold":1028,"itemcollectors:advanced_collector":1,"ftbsbc:iron_auto_hammer":14,"minecraft:bamboo":5,"minecraft:oak_planks":11,"minecraft:stone_hoe":1,"ironfurnaces:iron_furnace":1,"farmersdelight:basket":3,"thermal:raw_tin":6,"mekanism:upgrade_energy":4,"create:cogwheel":52,"minecraft:poisonous_potato":8,"tempad:tempad":1,"torchmaster:megatorch":1,"justhammers:iron_hammer":4,"minecraft:sand":7925,"mob_grinding_utils:fan":2,"minecraft:sugar":4,"minecraft:clay":3,"tconstruct:seared_basin":8,"minecraft:diamond":598,"darkutils:vector_plate":4,"minecraft:polished_blackstone_button":7,"chancecubes:chance_cube":8,"minecraft:crossbow":2,"minecraft:bone_meal":1133,"minecraft:golden_apple":2,"minecraft:emerald":583,"minecraft:oak_sapling":316,"minecraft:netherrack":5009,"minecraft:oak_leaves":62,"minecraft:charcoal":24,"minecraft:ladder":60,"thermal:raw_silver":719,"minecraft:rabbit_stew":1,"tconstruct:seared_channel":17,"industrialforegoing:fluid_extractor":6,"thermal:cinnabar":1207,"minecraft:brown_mushroom":12,"torchbowmod:torchbow":1,"industrialforegoing:common_black_hole_unit":1,"mob_grinding_utils:wither_muffler":2,"createaddition:rolling_mill":3,"minecraft:chain":34,"minecraft:shield":2,"tconstruct:earth_slime_crystal":117,"ars_nouveau:archwood_planks":2,"ars_nouveau:amplify_arrow":64,"immersiveengineering:ingot_aluminum":1,"ftbquests:lootcrate":14,"thermal:fluid_cell_frame":2,"minecraft:iron_axe":1,"mekanismtools:steel_paxel":1,"ars_nouveau:source_berry_pie":1,"minecraft:candle":69,"justhammers:diamond_reinforced_hammer":1,"create:basin":5,"minecraft:sugar_cane":43,"minecraft:dark_oak_sapling":1,"prettypipes:low_speed_module":2,"minecraft:raw_iron":1005,"minecraft:end_stone":4558,"thermal:ender_grenade":1,"minecraft:copper_ingot":65,"minecraft:bowl":12,"ars_nouveau:purple_archwood_sapling":2,"minecraft:stone_button":3,"create:hand_crank":5,"soulshards:vile_sword":2,"minecraft:trident":2,"industrialforegoing:block_placer":6,"create:zinc_ingot":2,"minecraft:dark_oak_planks":2,"create:deployer":12,"ftbstoneblock:2x_compressed_cobblestone":211,"minecraft:lime_candle":36,"minecraft:arrow":43,"ae2:certus_quartz_dust":798,"minecraft:pumpkin_pie":16,"industrialforegoing:straw":2,"tconstruct:tinker_station":2,"ftbstoneblock:cold_silverfish_shard":40,"minecraft:saddle":1,"tconstruct:puny_smelting":6,"supplementaries:faucet":7,"minecraft:skeleton_skull":1,"ftbstoneblock:stonepebble":73,"minecraft:golden_carrot":7,"minecraft:glow_ink_sac":12,"tconstruct:part_builder":1,"botania:cosmetic_tiny_potato_mask":1,"minecraft:chainmail_chestplate":1,"create:andesite_alloy":17,"minecraft:gunpowder":64,"minecraft:cobblestone_stairs":130,"tconstruct:ender_slime_crystal":37,"ae2:sky_dust":280,"rftoolsbase:dimensionalshard":30,"industrialforegoing:latex_processing_unit":1,"thermal:diamond_gear":2,"minecraft:iron_ingot":114,"fluxnetworks:flux_controller":1,"industrialforegoing:tinydryrubber":26,"refinedstorage:cable":24,"minecraft:polished_andesite_slab":57,"tconstruct:bacon":32,"minecraft:soul_sand":1528,"tconstruct:seared_stone":5,"minecraft:oak_slab":10,"ftbsbc:gold_auto_hammer":12,"chiselsandbits:chiseledrock":1,"minecraft:warped_fungus":1,"minecraft:black_candle":16,"minecraft:pumpkin":27,"ars_nouveau:red_archwood_sapling":2,"minecraft:quartz":160,"minecraft:amethyst_shard":168,"mekanismtools:diamond_paxel":2,"minecraft:blast_furnace":1,"mekanism:raw_osmium":30,"minecraft:spider_eye":4,"powah:dielectric_rod_horizontal":1,"prettypipes:high_speed_module":2,"refinedstorage:importer":5,"ars_nouveau:wilden_spike":3,"minecraft:pumpkin_seeds":89,"create:brass_ingot":5,"create:zinc_nugget":275,"create:encased_fan":6,"minecraft:iron_helmet":2,"mekanism:fluorite_gem":422,"tconstruct:pattern":1,"ironfurnaces:emerald_furnace":3,"minecraft:coal":670},"minecraft:killed":{"minecraft:skeleton":6,"minecraft:chicken":2,"minecraft:zombie":10,"minecraft:vindicator":2,"minecraft:witch":3,"minecraft:spider":5,"minecraft:silverfish":14,"minecraft:creeper":2,"minecraft:slime":183,"ars_nouveau:summon_wolf":7,"ars_nouveau:wilden_stalker":4,"ars_nouveau:wilden_hunter":7},"minecraft:dropped":{"simplemagnets:basicmagnet":1,"tconstruct:seared_stone":1,"thermal:diamond_gear":2,"minecraft:lapis_lazuli":55,"botania:apothecary_default":1,"create:cogwheel":20,"refinedstorage:exporter":1,"minecraft:dirt":95,"minecraft:sand":10473,"thermal:raw_tin":6,"justhammers:iron_hammer":2,"ftbsbc:iron_auto_hammer":1,"mininggadgets:mininggadget":1,"minecraft:iron_ingot":37,"ftbstoneblock:crushed_endstone":2964,"minecraft:wheat_seeds":1,"minecraft:clock":1,"minecraft:copper_block":10,"farmersdelight:skillet":1,"ftbstoneblock:2x_compressed_gravel":8,"minecraft:cobblestone":3821,"minecraft:granite":258,"ftbstoneblock:stonepebble":11,"minecraft:furnace":3,"ars_nouveau:source_berry":1,"minecraft:iron_boots":1,"snad:snad":48,"immersiveengineering:hammer":1,"minecraft:diamond_sword":1,"minecraft:cobblestone_slab":53,"minecraft:spruce_planks":106,"create:zinc_ingot":2,"ftbstoneblock:dust":9520,"minecraft:bow":1,"pipez:wrench":1,"ae2:certus_quartz_crystal":1,"minecraft:soul_sand":1524,"minecraft:oak_log":16,"luggage:luggage":1,"minecraft:flint":1,"ftbstoneblock:mob_soul":56,"ftbstoneblock:1x_compressed_cobblestone":512,"industrialforegoing:straw":1,"ars_nouveau:novice_hood":1,"minecraft:gravel":12194,"thermal:raw_silver":2,"minecraft:chainmail_boots":1,"create:brass_ingot":36,"tconstruct:sky_slime_crystal":6,"minecraft:netherrack":150,"create:andesite_alloy":17,"minecraft:water_bucket":2,"justhammers:diamond_hammer":2,"minecraft:diamond_leggings":1,"create:zinc_nugget":198,"minecraft:copper_ingot":65,"simplybackpacks:commonbackpack":1,"minecraft:stick":73,"ftbsbc:stone_hammer":2,"minecraft:diorite":18,"minecraft:torch":1,"refinedstorage:processor_binding":2,"minecraft:redstone":4,"minecraft:smooth_basalt":55,"mekanismtools:diamond_paxel":2,"minecraft:blaze_rod":2,"minecraft:raw_copper":4,"tconstruct:blank_sand_cast":567,"minecraft:tuff":80,"minecraft:raw_iron":15,"minecraft:glass_pane":2,"create:veridium":9,"gag:hearthstone":1,"minecraft:andesite":787,"minecraft:oak_sapling":27,"ae2:certus_quartz_dust":7,"ftbquests:lootcrate":1,"thermal:niter":4},"minecraft:crafted":{"pipez:wrench":1,"tconstruct:scorched_fuel_gauge":1,"immersiveengineering:hammer":2,"minecraft:oak_sign":9,"immersiveengineering:fluid_pipe":8,"pipez:item_pipe":48,"stonechest:chest_cobblestone":75,"ironfurnaces:iron_furnace":2,"industrialforegoing:iron_gear":3,"minecraft:lever":1,"minecraft:diamond_shovel":1,"mekanismgenerators:heat_generator":1,"ironfurnaces:diamond_furnace":3,"ironchest:crystal_chest":30,"tconstruct:seared_melter":1,"minecraft:glass":0,"minecraft:diamond_helmet":1,"minecraft:diamond_leggings":1,"refinedstorage:crafting_grid":1,"create:mechanical_press":3,"refinedstorage:grid":2,"industrialforegoing:plant_sower":1,"minecraft:iron_door":3,"refinedstorage:processor_binding":304,"snad:snad":16,"ftbstoneblock:1x_compressed_stone":38,"create:cogwheel":57,"tconstruct:flint_shuriken":128,"minecraft:flower_pot":1,"torchmaster:megatorch":3,"minecraft:glass_bottle":3,"create:rose_quartz":10,"minecraft:diamond_axe":1,"minecraft:gravel":45,"tconstruct:blank_sand_cast":200,"ftbsbc:stone_rod":44,"minecraft:clock":1,"ironfurnaces:augment_blasting":2,"minecraft:copper_ingot":252,"industrialforegoing:dissolution_chamber":1,"minecraft:campfire":4,"ftbstoneblock:2x_compressed_endstone":44,"tconstruct:scorched_alloyer":1,"create:mechanical_mixer":1,"ironfurnaces:augment_speed":2,"minecraft:blaze_rod":99,"industrialforegoing:fluid_extractor":7,"ftbsbc:stone_hammer":8,"minecraft:iron_block":321,"minecraft:gold_ingot":162,"create:large_cogwheel":14,"refinedstorage:importer":7,"create:propeller":2,"refinedstorage:machine_casing":4,"refinedstorage:upgrade":6,"create:wrench":1,"ironfurnaces:augment_generator":2,"minecraft:iron_nugget":189,"supplementaries:faucet":2,"create:smart_chute":1,"industrialforegoing:dryrubber":68,"create:golden_sheet":7,"minecraft:jack_o_lantern":6,"tconstruct:seared_basin":1,"refinedstorage:external_storage":28,"ftbstoneblock:3x_compressed_sand":4,"create:iron_sheet":92,"mininggadgets:mininggadget":1,"industrialforegoing:plant_gatherer":1,"ironfurnaces:emerald_furnace":2,"immersiveengineering:fluid_pump":1,"minecraft:ladder":54,"minecraft:stone_pickaxe":7,"mekanism:electric_pump":1,"minecraft:diamond_boots":1,"ftbsbc:iron_auto_hammer":12,"minecraft:redstone_block":27,"create:electron_tube":5,"minecraft:dark_oak_planks":92,"create:belt_connector":4,"industrialforegoing:pity_black_hole_tank":1,"ftbsbc:iron_hammer":13,"create:brass_sheet":68,"minecraft:coal_block":567,"powah:dielectric_paste":144,"ironchest:gold_chest":67,"minecraft:dried_kelp":45,"minecraft:dark_oak_button":48,"ftbstoneblock:3x_compressed_cobblestone":21,"thermal:diamond_gear":7,"tconstruct:seared_heater":2,"minecraft:cobblestone":947,"industrialforegoing:latex_processing_unit":1,"immersiveengineering:conveyor_basic":8,"minecraft:iron_leggings":1,"create:shaft":136,"refinedstorage:improved_processor":0,"ftbdripper:dripper":1,"tconstruct:grout":136,"mekanismtools:diamond_paxel":1,"minecraft:oak_planks":1816,"minecraft:cobblestone_slab":210,"createaddition:rolling_mill":1,"minecraft:sand":1701,"refinedstorage:cable":204,"ftbstoneblock:2x_compressed_cobblestone":324,"minecraft:stone":64,"create:deployer":3,"pipez:fluid_pipe":48,"ftbstoneblock:1x_compressed_dirt":419,"minecraft:hopper":12,"minecraft:iron_boots":1,"justhammers:diamond_hammer":9,"industrialforegoing:gold_gear":2,"minecraft:chest":254,"tconstruct:seared_fuel_tank":1,"minecraft:oak_button":233,"minecraft:copper_block":36,"mekanism:basic_fluid_tank":1,"refinedstorage:disk_drive":1,"minecraft:birch_button":80,"minecraft:stone_hoe":2,"minecraft:ender_eye":2,"create:brass_hand":3,"ftbsbc:gold_hammer":8,"minecraft:dropper":27,"rftoolspower:coalgenerator":7,"create:depot":1,"minecraft:oak_slab":72,"minecraft:cauldron":65,"ftbsbc:diamond_hammer":13,"minecraft:crafting_table":5,"minecraft:spruce_planks":1024,"create:fluid_pipe":4,"minecraft:iron_helmet":1,"refinedstorage:exporter":15,"create:zinc_nugget":454,"ftbsbc:fire_plow":9,"create:sand_paper":1,"minecraft:gold_block":33,"minecraft:birch_planks":116,"minecraft:pumpkin_seeds":1,"ftbstoneblock:1x_compressed_sand":880,"refinedstorage:speed_upgrade":2,"refinedstorage:basic_processor":0,"industrialforegoing:common_black_hole_unit":1,"cobblefordays:tier_1":5,"ironchest:diamond_chest":29,"farmersdelight:cutting_board":1,"tconstruct:seared_channel":5,"ftbsbc:gold_auto_hammer":8,"create:water_wheel":5,"minecraft:iron_chestplate":1,"minecraft:book":1,"minecraft:paper":12,"minecraft:charcoal":48,"minecraft:diamond_pickaxe":3,"minecraft:emerald_block":45,"minecraft:shield":1,"minecraft:light_weighted_pressure_plate":7,"minecraft:stick":544,"minecraft:iron_ingot":3473,"ftbstoneblock:2x_compressed_sand":112,"tconstruct:seared_bricks":67,"minecraft:redstone_torch":14,"minecraft:beetroot_soup":16,"ftbstoneblock:2x_compressed_dirt":46,"minecraft:shears":1,"minecraft:polished_andesite":128,"create:chute":4,"stonechest:part_cobblestone":300,"minecraft:coal":981,"rftoolsbase:machine_frame":7,"ironfurnaces:gold_furnace":2,"minecraft:spruce_button":128,"minecraft:furnace":8,"minecraft:blast_furnace":2,"minecraft:piston":5,"ftbstoneblock:2x_compressed_gravel":16,"refinedstorage:quartz_enriched_iron":332,"ftbstoneblock:1x_compressed_gravel":152,"minecraft:flint_and_steel":1,"ftbsbc:diamond_auto_hammer":8,"refinedstorage:destruction_core":37,"ironfurnaces:augment_fuel":1,"tconstruct:ingot_sand_cast":142,"minecraft:leather":1,"minecraft:iron_axe":3,"minecraft:iron_hoe":1,"create:millstone":3,"tconstruct:seared_table":2,"create:fluid_tank":4,"create:copper_sheet":11,"tconstruct:copper_can":24,"mekanism:block_fluorite":1,"immersiveengineering:component_iron":1,"create:basin":1,"minecraft:birch_sign":3,"refinedstorage:1k_storage_part":3,"refinedstorage:1k_storage_disk":1,"minecraft:sugar":6,"tconstruct:rod_sand_cast":8,"minecraft:bone_block":99,"create:andesite_alloy":192,"minecraft:diamond_sword":1,"trashcans:liquid_trash_can":1,"mekanism:metallurgic_infuser":1,"luggage:luggage":2,"ftbstoneblock:2x_compressed_netherrack":47,"industrialforegoing:block_placer":5,"pipez:energy_pipe":64,"minecraft:bowl":8,"ftbstoneblock:1x_compressed_endstone":881,"industrialforegoing:machine_frame_pity":18,"minecraft:dirt":27,"ae2:silicon":0,"minecraft:bucket":36,"minecraft:stone_axe":4,"tconstruct:seared_drain":1,"minecraft:air":0,"minecraft:bread":11,"minecraft:blue_dye":70,"tconstruct:seared_ingot_gauge":1,"ftbstoneblock:1x_compressed_netherrack":458,"justhammers:iron_hammer":16,"ftbstoneblock:1x_compressed_cobblestone":3054,"create:whisk":1,"minecraft:gold_nugget":18,"tconstruct:crafting_station":1,"tconstruct:seared_faucet":3,"refinedstorage:construction_core":45,"supplementaries:flint_block":168,"minecraft:torch":712,"create:zinc_ingot":0,"minecraft:lapis_lazuli":126,"minecraft:clay":81,"minecraft:lapis_block":759,"minecraft:diamond_chestplate":1,"ironchest:iron_chest":85},"minecraft:used":{"immersiveengineering:fluid_pump":2,"minecraft:beetroot":2,"minecraft:jack_o_lantern":6,"create:deployer":15,"refinedstorage:exporter":19,"minecraft:ladder":33,"rftoolspower:coalgenerator":16,"minecraft:chest":22,"soulshards:vile_sword":197,"tconstruct:seared_stone":3,"create:fluid_tank":27,"minecraft:soul_sand":2,"create:depot":5,"minecraft:lava_bucket":71,"minecraft:birch_sapling":16,"tconstruct:seared_faucet":9,"refinedstorage:external_storage":28,"ironfurnaces:iron_furnace":1,"minecraft:rabbit_stew":4,"tconstruct:flint_shuriken":83,"create:shaft":22,"create:steam_engine":11,"minecraft:oak_sapling":28,"minecraft:furnace":3,"minecraft:egg":361,"minecraft:potato":223,"minecraft:clay":1,"minecraft:oak_leaves":6,"minecraft:respawn_anchor":1,"minecraft:sand":6,"minecraft:blast_furnace":1,"minecraft:pumpkin_seeds":8,"immersiveengineering:hammer":1,"minecraft:polished_andesite_slab":7,"industrialforegoing:dissolution_chamber":1,"minecraft:diamond_sword":78,"create:basin":4,"ironfurnaces:gold_furnace":3,"minecraft:stone_sword":55,"minecraft:enchanting_table":1,"ftbsbc:fire_plow":34,"ftbsbc:stone_hammer":1040,"justhammers:diamond_reinforced_hammer":752,"refinedstorage:grid":3,"minecraft:stick":13,"minecraft:torch":795,"tconstruct:seared_drain":2,"minecraft:anvil":1,"ironfurnaces:diamond_furnace":4,"supplementaries:faucet":5,"ftbstoneblock:2x_compressed_sand":29,"tconstruct:seared_heater":4,"minecraft:chipped_anvil":1,"createaddition:chocolate_cake":4,"create:wrench":4,"minecraft:iron_axe":230,"mekanismgenerators:heat_generator":1,"minecraft:barrel":4,"minecraft:melon_seeds":2,"minecraft:smooth_basalt":9,"minecraft:diamond_chestplate":1,"cobblefordays:tier_1":5,"create:fluid_pipe":19,"torchmaster:megatorch":3,"minecraft:cobbled_deepslate":11,"create:belt_connector":2,"minecraft:pointed_dripstone":30,"stonechest:chest_cobblestone":58,"minecraft:wheat_seeds":225,"industrialforegoing:pity_black_hole_tank":3,"minecraft:water_bucket":75,"minecraft:cauldron":75,"create:encased_fan":7,"minecraft:comparator":6,"justhammers:diamond_hammer":5045,"minecraft:crafting_table":9,"minecraft:oak_slab":6,"minecraft:birch_sign":6,"minecraft:campfire":4,"minecraft:spruce_log":6,"justhammers:iron_hammer":1867,"minecraft:diamond_pickaxe":327,"tconstruct:seared_table":18,"minecraft:iron_pickaxe":464,"rftoolsutility:crafter1":1,"refinedstorage:crafting_grid":1,"create:water_wheel":22,"tconstruct:seared_channel":12,"minecraft:spruce_sapling":25,"tconstruct:seared_melter":3,"minecraft:cobblestone":1561,"minecraft:kelp":26,"minecraft:diamond_leggings":2,"mekanism:basic_fluid_tank":2,"minecraft:shield":4,"tconstruct:seared_fuel_tank":1,"create:cogwheel":111,"minecraft:glass":1,"mekanismtools:diamond_paxel":633,"refinedstorage:controller":1,"ftbstoneblock:1x_compressed_dirt":4,"chancecubes:chance_cube":2,"mekanismtools:gold_paxel":61,"ftbstoneblock:2x_compressed_cobblestone":74,"create:millstone":12,"refinedstorage:importer":11,"trashcans:liquid_trash_can":1,"farmersdelight:cutting_board":1,"minecraft:magma_block":1,"industrialforegoing:common_black_hole_unit":1,"pipez:item_pipe":34,"minecraft:beetroot_seeds":475,"ftbstoneblock:1x_compressed_sand":9,"tconstruct:smeltery_controller":7,"refinedstorage:disk_drive":1,"minecraft:diamond_boots":1,"ftbstoneblock:2x_compressed_gravel":47,"minecraft:stone_pickaxe":974,"minecraft:oak_planks":7,"industrialforegoing:fluid_extractor":12,"minecraft:sugar_cane":11,"ftbsbc:diamond_hammer":298,"createaddition:rolling_mill":2,"minecraft:end_stone":2,"minecraft:shears":63,"ars_nouveau:purple_archwood_sapling":1,"minecraft:lever":3,"minecraft:bread":27,"mekanism:metallurgic_infuser":1,"minecraft:dark_oak_log":12,"industrialforegoing:block_placer":11,"minecraft:iron_door":2,"minecraft:gravel":122,"minecraft:chainmail_boots":1,"ftbdripper:dripper":6,"tconstruct:crafting_station":1,"minecraft:andesite":3,"ftbstoneblock:dust":4,"ironchest:crystal_chest":48,"minecraft:bone_meal":39,"minecraft:cobweb":17,"create:large_cogwheel":86,"immersiveengineering:conveyor_basic":4,"minecraft:flint_and_steel":4,"minecraft:stone_hoe":132,"create:mechanical_pump":31,"minecraft:dirt":604,"ironchest:diamond_chest":3,"minecraft:hopper":50,"create:mechanical_mixer":3,"cobblefordays:tier_2":2,"minecraft:diamond_helmet":1,"tconstruct:seared_bricks":45,"industrialforegoing:plant_sower":4,"ftbsbc:gold_auto_hammer":12,"create:smart_chute":2,"minecraft:iron_hoe":192,"tconstruct:tinker_station":2,"farmersdelight:basket":2,"ftbstoneblock:1x_compressed_cobblestone":114,"ftbstoneblock:1x_compressed_gravel":12,"tconstruct:part_builder":2,"ftbstoneblock:1x_compressed_endstone":252,"minecraft:beetroot_soup":16,"minecraft:pumpkin":5,"ftbsbc:iron_hammer":475,"ftbsbc:iron_auto_hammer":17,"pipez:fluid_pipe":31,"mekanism:electric_pump":2,"minecraft:baked_potato":73,"tconstruct:scorched_alloyer":1,"minecraft:cobblestone_slab":188,"industrialforegoing:latex_processing_unit":2,"minecraft:stripped_dark_oak_log":3,"tconstruct:seared_basin":10,"ftbstoneblock:2x_compressed_dirt":46,"refinedstorage:cable":117,"minecraft:apple":2,"create:mechanical_press":7,"minecraft:stone_axe":377,"ironfurnaces:emerald_furnace":5,"minecraft:bucket":222,"industrialforegoing:plant_gatherer":10,"create:hand_crank":2,"pipez:energy_pipe":96,"ftbsbc:diamond_auto_hammer":8}},"DataVersion":2975}