{"stats":{"minecraft:custom":{"minecraft:interact_with_crafting_table":125,"minecraft:open_barrel":35,"minecraft:eat_cake_slice":11,"minecraft:leave_game":12,"minecraft:time_since_death":268569,"champions:champion_mobs_killed":28,"minecraft:sprint_one_cm":1040760,"minecraft:damage_blocked_by_shield":948,"minecraft:drop":171,"minecraft:talked_to_villager":3,"minecraft:play_time":931655,"minecraft:deaths":3,"minecraft:jump":2625,"minecraft:walk_on_water_one_cm":19140,"minecraft:interact_with_furnace":37,"minecraft:damage_dealt":4082,"minecraft:crouch_one_cm":2902,"minecraft:mob_kills":32,"minecraft:inspect_hopper":4,"minecraft:climb_one_cm":17903,"minecraft:walk_one_cm":2134989,"minecraft:sneak_time":3710,"minecraft:walk_under_water_one_cm":3518,"minecraft:total_world_time":931655,"minecraft:interact_with_stonecutter":3,"minecraft:time_since_rest":268628,"minecraft:damage_taken":1621,"minecraft:damage_absorbed":10,"minecraft:trigger_trapped_chest":1,"minecraft:swim_one_cm":456,"minecraft:fly_one_cm":357907,"minecraft:open_chest":1303,"minecraft:fall_one_cm":15498},"minecraft:killed_by":{"minecraft:creeper":1,"ars_nouveau:wilden_hunter":1,"minecraft:skeleton":1},"minecraft:mined":{"ftbstoneblock:2x_compressed_gravel":1,"botania:mana_pool":1,"minecraft:spruce_planks":1,"minecraft:oak_sapling":1,"tconstruct:tinker_station":1,"botania:red_mystical_flower":1,"minecraft:cobblestone_stairs":2,"powah:energizing_orb":1,"tconstruct:seared_bricks":2,"minecraft:obsidian":1,"botania:livingwood_log":12,"snad:snad":6,"create:powered_shaft":1,"botania:light_gray_mystical_flower":8,"ars_nouveau:arcane_core":1,"botania:apothecary_default":1,"botania:purple_mystical_flower":3,"tconstruct:seared_melter":2,"minecraft:moss_carpet":3,"tconstruct:seared_fuel_tank":5,"supplementaries:stick":4,"botania:brown_mystical_flower":1,"ars_nouveau:enchanting_apparatus":2,"botania:light_blue_mystical_flower":1,"botania:green_mystical_flower":5,"create:cogwheel":22,"tconstruct:part_builder":1,"botania:orange_mystical_flower":3,"botanypots:terracotta_botany_pot":2,"create:steam_engine":2,"ars_nouveau:light_block":3,"minecraft:clay":1,"minecraft:torch":28,"minecraft:melon":2,"minecraft:dead_bush":3,"create:brass_casing":6,"minecraft:cobblestone":180,"botania:blue_mystical_flower":7,"minecraft:sugar_cane":6,"botania:black_mystical_flower":2,"minecraft:wall_torch":23,"minecraft:birch_sapling":1,"minecraft:skeleton_skull":1,"tconstruct:seared_faucet":3,"minecraft:wheat":134,"ftbstoneblock:2x_compressed_cobblestone":9,"minecraft:stone_brick_stairs":1,"minecraft:oak_log":24,"minecraft:beetroots":88,"minecraft:oak_fence_gate":1,"create:hand_crank":2,"minecraft:dark_oak_sapling":1,"minecraft:sand":43,"minecraft:dirt":32,"ars_nouveau:red_archwood_sapling":1,"minecraft:oak_leaves":5,"create:millstone":5,"minecraft:dark_oak_log":1,"gravestone:gravestone":3,"create:large_cogwheel":11,"botania:brown_double_flower":1,"create:depot":1,"minecraft:polished_andesite_slab":2,"minecraft:spruce_leaves":76,"minecraft:moss_block":13,"create:shaft":1,"botania:magenta_mystical_flower":2,"minecraft:andesite":321,"minecraft:potatoes":80,"ars_nouveau:agronomic_sourcelink":1,"minecraft:cobblestone_slab":9,"minecraft:vine":1,"botania:livingrock":13,"botania:pure_daisy":4,"minecraft:stone":1285,"minecraft:oak_slab":1,"botania:lime_mystical_flower":5,"minecraft:soul_sand":57,"minecraft:oak_fence":6,"minecraft:crafting_table":7,"create:fluid_pipe":5,"create:mechanical_pump":3,"tconstruct:seared_basin":4,"minecraft:campfire":4,"create:water_wheel":8,"ars_nouveau:purple_archwood_sapling":1,"ars_nouveau:source_jar":7,"minecraft:cactus":3,"botania:pink_mystical_flower":4,"botania:red_double_flower":1,"botania:cyan_mystical_flower":2,"bloodmagic:altar":1,"ars_nouveau:arcane_pedestal":24,"minecraft:spruce_log":15,"gag:no_solicitors":1,"botania:white_mystical_flower":4,"botania:yellow_mystical_flower":2,"create:mechanical_crafter":26,"minecraft:gravel":76,"minecraft:cobweb":2,"botania:gray_mystical_flower":1,"minecraft:polished_andesite":4,"minecraft:chipped_anvil":1,"ftbstoneblock:1x_compressed_cobblestone":11},"minecraft:broken":{"minecraft:stone_pickaxe":10,"justhammers:iron_hammer":4,"ftbsbc:stone_hammer":2},"minecraft:picked_up":{"minecraft:iron_chestplate":1,"minecraft:wheat":131,"minecraft:chainmail_boots":2,"create:mechanical_crafter":24,"minecraft:golden_sword":1,"minecraft:string":7,"minecraft:iron_leggings":1,"bloodmagic:altar":1,"minecraft:beetroot":78,"create:water_wheel":8,"ars_nouveau:glyph_fell":1,"minecraft:diamond_leggings":1,"minecraft:spruce_planks":107,"botania:hydroangeas":7,"minecraft:cobblestone_slab":9,"minecraft:iron_pickaxe":1,"minecraft:melon_slice":12,"minecraft:coal_block":4,"minecraft:iron_boots":1,"minecraft:diamond_ore":4,"minecraft:stick":158,"minecraft:tipped_arrow":7,"minecraft:beehive":2,"farmersdelight:red_mushroom_colony":5,"ftbstoneblock:mob_soul":11,"ironchest:crystal_chest":4,"powah:energizing_orb":1,"minecraft:composter":1,"minecraft:oak_fence":6,"minecraft:torch":85,"botania:yellow_mystical_flower":2,"mekanismtools:bronze_paxel":2,"tconstruct:seared_faucet":3,"botania:white_mystical_flower":11,"create:large_cogwheel":11,"snad:snad":22,"minecraft:cactus":9,"minecraft:rotten_flesh":10,"botania:light_gray_mystical_flower":8,"botania:livingrock":13,"ars_nouveau:arcane_core":1,"ars_nouveau:agronomic_sourcelink":1,"ars_nouveau:worn_notebook":1,"botania:livingwood_log":12,"powah:battery_starter":2,"minecraft:obsidian":1,"ars_nouveau:manipulation_essence":1,"minecraft:cobblestone":4676,"tconstruct:seared_bricks":2,"minecraft:birch_log":2,"create:fluid_tank":4,"minecraft:feather":1,"minecraft:water_bucket":1,"minecraft:andesite":325,"minecraft:powder_snow_bucket":2,"minecraft:potato":197,"ars_nouveau:magebloom":4,"minecraft:tuff":3,"ars_nouveau:earth_essence":1,"minecraft:lapis_lazuli":10,"minecraft:dirt":188,"powah:dielectric_paste":13,"botania:mana_diamond":1,"minecraft:bone":7,"ftbdripper:dripper":4,"botania:cyan_mystical_flower":7,"powah:steel_energized":4,"gag:no_solicitors":1,"minecraft:wheat_seeds":346,"ars_nouveau:source_gem":27,"botania:pink_mystical_flower":4,"botania:purple_mystical_flower":3,"create:shaft":2,"tconstruct:blank_sand_cast":247,"minecraft:diamond_helmet":1,"minecraft:bamboo":5,"minecraft:moss_block":13,"botania:gray_mystical_flower":1,"botania:mana_pool":1,"botania:red_mystical_flower":1,"functionalstorage:compacting_drawer":2,"create:cogwheel":22,"justhammers:iron_hammer":1,"minecraft:sand":8,"minecraft:dark_oak_log":1,"ars_nouveau:wilden_horn":2,"minecraft:barrel":2,"minecraft:polished_andesite":5,"farmersdelight:glow_berry_custard":1,"minecraft:diamond":4,"tconstruct:seared_basin":4,"chancecubes:chance_cube":3,"minecraft:emerald":2,"minecraft:oak_sapling":28,"ars_nouveau:arcane_pedestal":24,"minecraft:oak_leaves":42,"minecraft:charcoal":20,"minecraft:crafting_table":7,"minecraft:firework_star":1,"botania:brown_double_flower":1,"minecraft:nether_wart":4,"minecraft:clay_ball":4,"minecraft:leather_leggings":1,"minecraft:brown_mushroom":5,"ars_nouveau:novice_hood":2,"ftbquests:lootcrate":4,"minecraft:moss_carpet":6,"create:fluid_pipe":5,"botania:endoflame":2,"botania:magenta_mystical_flower":2,"ars_nouveau:source_berry_pie":1,"minecraft:candle":12,"botania:pure_daisy":5,"minecraft:iron_nugget":1,"minecraft:sugar_cane":21,"minecraft:birch_sapling":7,"mininggadgets:mininggadget":1,"minecraft:piston":4,"minecraft:egg":101,"minecraft:dark_oak_sapling":2,"ftbstoneblock:3x_compressed_cobblestone":1,"ars_nouveau:purple_archwood_log":18,"minecraft:copper_ingot":8,"ars_nouveau:glyph_underfoot":1,"minecraft:fire_charge":6,"ars_nouveau:purple_archwood_sapling":3,"minecraft:stone_button":3,"create:hand_crank":4,"minecraft:carrot":1,"minecraft:redstone":4,"create:brass_casing":6,"create:steam_engine":3,"minecraft:lime_candle":9,"tconstruct:sky_slime_ball":5,"ars_nouveau:enchanting_apparatus":2,"minecraft:arrow":9,"minecraft:diamond_chestplate":1,"botania:lime_mystical_flower":5,"minecraft:beetroot_seeds":210,"botania:apothecary_default":2,"minecraft:diamond_boots":2,"tconstruct:tinker_station":1,"botania:blue_mystical_flower":7,"create:depot":1,"ftbstoneblock:cold_silverfish_shard":4,"minecraft:gold_ingot":8,"botania:green_mystical_flower":5,"minecraft:skeleton_skull":1,"farmersdelight:brown_mushroom_colony":4,"minecraft:clock":4,"ftbstoneblock:stonepebble":62,"minecraft:golden_carrot":6,"minecraft:glow_ink_sac":5,"tconstruct:part_builder":1,"minecraft:red_mushroom":6,"tconstruct:seared_fuel_tank":5,"ars_nouveau:wilden_wing":3,"minecraft:crimson_fungus":2,"minecraft:oak_log":102,"minecraft:gunpowder":7,"minecraft:cobblestone_stairs":2,"farmersdelight:skillet":1,"botania:black_mystical_flower":2,"botania:light_blue_mystical_flower":1,"minecraft:apple":3,"minecraft:kelp":3,"minecraft:iron_ingot":5,"minecraft:oak_fence_gate":1,"minecraft:stone_pickaxe":3,"minecraft:soul_sand":133,"minecraft:oak_slab":1,"minecraft:warped_fungus":3,"ars_nouveau:source_jar":7,"ars_nouveau:red_archwood_sapling":2,"minecraft:gravel":963,"minecraft:spruce_sapling":65,"minecraft:spruce_log":291,"ars_nouveau:glyph_light":1,"botania:red_double_flower":1,"create:millstone":6,"minecraft:slime_ball":7,"create:brass_ingot":32,"immersiveengineering:seed":1,"minecraft:stone_axe":2,"create:mechanical_pump":3,"botania:orange_mystical_flower":6,"ars_nouveau:glyph_aoe":2,"tconstruct:seared_melter":2,"immersiveengineering:hammer":1,"botania:brown_mystical_flower":1,"minecraft:hopper":4,"botanypots:terracotta_botany_pot":2,"ars_nouveau:magebloom_crop":1},"minecraft:killed":{"minecraft:skeleton":4,"minecraft:chicken":2,"minecraft:silverfish":5,"minecraft:creeper":2,"minecraft:zombie":9,"minecraft:slime":7,"ars_nouveau:wilden_stalker":1},"minecraft:dropped":{"create:millstone":1,"minecraft:diamond_axe":1,"minecraft:warped_fungus":1,"minecraft:diamond":1,"botania:cyan_petal":5,"minecraft:lantern":1,"ars_nouveau:earth_essence":1,"chancecubes:chance_cube":2,"minecraft:dirt":2,"minecraft:stone_button":1,"ftbsbc:iron_hammer":2,"ftbstoneblock:1x_compressed_cobblestone":92,"minecraft:sand":364,"tconstruct:sky_slime_ball":1,"botania:white_petal":4,"ars_nouveau:novice_hood":1,"minecraft:gravel":62,"minecraft:stone_axe":1,"minecraft:beetroot":1,"minecraft:rotten_flesh":8,"justhammers:iron_hammer":2,"minecraft:firework_star":2,"minecraft:charcoal":4,"minecraft:beetroot_seeds":3,"minecraft:spruce_pressure_plate":1,"minecraft:chainmail_boots":1,"create:brass_ingot":1,"minecraft:arrow":4,"mininggadgets:mininggadget":1,"tconstruct:sky_slime_crystal":4,"botania:brown_petal":4,"minecraft:egg":3,"minecraft:water_bucket":1,"ftbstoneblock:2x_compressed_gravel":15,"mekanismtools:bronze_paxel":1,"botania:red_petal":2,"minecraft:cobblestone":34,"minecraft:copper_ingot":1,"minecraft:coal_block":49,"minecraft:stick":10,"minecraft:torch":1,"ftbsbc:fire_plow":1,"ftbstoneblock:1x_compressed_gravel":1,"minecraft:iron_leggings":1,"minecraft:bucket":1,"minecraft:stone_sword":1,"botania:light_gray_petal":2,"minecraft:iron_boots":2,"immersiveengineering:hammer":1,"minecraft:pumpkin_seeds":3,"minecraft:iron_chestplate":1,"minecraft:diamond_boots":1,"minecraft:stone_pickaxe":2,"botania:blue_petal":4},"minecraft:crafted":{"minecraft:oak_planks":64,"immersiveengineering:hammer":1,"minecraft:barrel":4,"ars_nouveau:archwood_planks":32,"chickens:catcher":1,"minecraft:birch_slab":12,"minecraft:sand":9,"botania:mana_pool":1,"stonechest:chest_cobblestone":2,"ftbstoneblock:2x_compressed_cobblestone":26,"minecraft:stone":0,"minecraft:lever":1,"minecraft:spruce_pressure_plate":1,"minecraft:iron_bars":16,"tconstruct:seared_melter":1,"botania:red_petal":4,"minecraft:quartz_block":2,"minecraft:diamond_helmet":1,"minecraft:diamond_leggings":1,"botania:twig_wand":1,"minecraft:iron_boots":1,"tconstruct:seared_fuel_tank":1,"minecraft:oak_button":16,"ars_nouveau:enchanting_apparatus":1,"ars_nouveau:apprentice_spell_book":1,"minecraft:birch_button":8,"botania:light_gray_petal":2,"create:cogwheel":5,"minecraft:oak_fence":6,"botania:cyan_petal":10,"create:depot":1,"create:rose_quartz":1,"ars_nouveau:arcane_core":1,"minecraft:diamond_axe":1,"minecraft:crafting_table":10,"create:fluid_pipe":4,"minecraft:iron_helmet":1,"tconstruct:blank_sand_cast":1,"create:zinc_nugget":18,"ftbsbc:stone_rod":18,"create:sand_paper":1,"ars_nouveau:source_jar":3,"bloodmagic:sacrificialdagger":1,"minecraft:copper_ingot":18,"ftbsbc:fire_plow":2,"botania:livingwood_twig":1,"minecraft:brewing_stand":2,"minecraft:birch_planks":8,"minecraft:campfire":8,"bloodmagic:altar":1,"minecraft:blaze_rod":9,"create:encased_fan":1,"botania:runic_altar":1,"minecraft:iron_chestplate":1,"minecraft:book":1,"minecraft:paper":9,"create:water_wheel":1,"minecraft:shield":1,"minecraft:stick":176,"minecraft:iron_pickaxe":3,"create:mechanical_pump":1,"minecraft:iron_ingot":77,"ftbsbc:stone_hammer":2,"minecraft:stone_sword":2,"gag:no_solicitors":1,"minecraft:gold_ingot":63,"ars_nouveau:scribes_table":1,"ars_nouveau:arcane_pedestal":5,"tconstruct:seared_fuel_gauge":1,"minecraft:polished_andesite":16,"botania:brown_petal":4,"stonechest:part_cobblestone":8,"tconstruct:pattern":6,"minecraft:redstone":1,"powah:dielectric_casing":1,"tconstruct:part_builder":1,"create:steam_engine":1,"minecraft:iron_nugget":9,"minecraft:spruce_button":36,"ars_nouveau:magebloom_fiber":12,"minecraft:stone_button":1,"minecraft:furnace":3,"ftbsbc:stone_crook":1,"botania:blue_petal":6,"create:golden_sheet":1,"ftbstoneblock:2x_compressed_gravel":16,"tconstruct:seared_basin":1,"minecraft:dark_oak_sign":3,"minecraft:bone_meal":15,"ftbstoneblock:1x_compressed_gravel":149,"create:iron_sheet":6,"ars_nouveau:archwood_slab":24,"tconstruct:tinker_station":1,"minecraft:lantern":1,"tconstruct:ingot_sand_cast":58,"ars_nouveau:novice_spell_book":1,"minecraft:leather":1,"minecraft:iron_axe":1,"minecraft:ladder":75,"botania:white_petal":8,"minecraft:spruce_slab":6,"create:millstone":1,"minecraft:stone_pickaxe":11,"create:fluid_tank":4,"create:copper_sheet":10,"minecraft:diamond_boots":1,"ars_nouveau:arcane_stone":48,"create:electron_tube":6,"minecraft:dark_oak_planks":20,"ftbsbc:iron_hammer":3,"powah:dielectric_rod_horizontal":8,"ars_nouveau:agronomic_sourcelink":1,"minecraft:coal_block":21,"minecraft:firework_star":1,"powah:dielectric_paste":24,"botania:fertilizer":5,"create:andesite_alloy":9,"create:hand_crank":1,"ars_nouveau:imbuement_chamber":3,"powah:energizing_orb":1,"botania:mana_spreader":1,"minecraft:iron_sword":1,"minecraft:grass_block":8,"minecraft:dark_oak_button":8,"minecraft:stone_axe":1,"ftbstoneblock:3x_compressed_cobblestone":1,"minecraft:air":0,"minecraft:blue_dye":17,"powah:dielectric_rod":2,"botania:orange_petal":2,"minecraft:oak_fence_gate":2,"justhammers:iron_hammer":4,"ftbstoneblock:1x_compressed_cobblestone":257,"minecraft:cobblestone":14,"minecraft:white_dye":4,"minecraft:flint":16,"create:mechanical_crafter":18,"tconstruct:seared_faucet":3,"minecraft:iron_shovel":1,"minecraft:iron_leggings":1,"minecraft:stonecutter":1,"create:shaft":8,"minecraft:torch":96,"minecraft:lapis_lazuli":135,"minecraft:diamond_chestplate":1},"minecraft:used":{"minecraft:beetroot":24,"minecraft:moss_block":1,"minecraft:moss_carpet":1,"minecraft:ladder":3,"minecraft:shield":69,"minecraft:stone":13,"tconstruct:seared_fuel_tank":6,"ars_nouveau:red_archwood_sapling":1,"create:fluid_tank":5,"minecraft:soul_sand":57,"ftbstoneblock:3x_compressed_cobblestone":1,"create:cogwheel":31,"create:mechanical_crafter":26,"minecraft:carrot":4,"create:depot":1,"minecraft:lava_bucket":2,"minecraft:grass_block":1,"chancecubes:chance_cube":1,"minecraft:birch_sapling":1,"ftbstoneblock:2x_compressed_cobblestone":9,"tconstruct:seared_faucet":4,"create:millstone":6,"create:shaft":5,"create:steam_engine":4,"minecraft:oak_sapling":10,"minecraft:beetroot_seeds":91,"minecraft:egg":89,"minecraft:potato":103,"botania:white_mystical_flower":2,"botania:runic_altar":1,"minecraft:dark_oak_sapling":1,"ftbstoneblock:2x_compressed_gravel":1,"minecraft:stone_pickaxe":1344,"minecraft:cactus":2,"minecraft:sugar_cane":3,"minecraft:sand":43,"botania:fertilizer":14,"ars_nouveau:agronomic_sourcelink":2,"mekanismtools:bronze_paxel":10,"botanypots:terracotta_botany_pot":3,"ars_nouveau:enchanting_apparatus":2,"ars_nouveau:purple_archwood_sapling":1,"minecraft:lever":1,"immersiveengineering:hammer":4,"minecraft:dark_oak_log":15,"minecraft:melon_slice":21,"ars_nouveau:purple_archwood_log":4,"minecraft:gravel":72,"snad:snad":6,"botania:pure_daisy":5,"bloodmagic:altar":1,"gag:no_solicitors":1,"mekanismtools:steel_paxel":41,"minecraft:bone_meal":3,"create:large_cogwheel":19,"botania:hydroangeas":7,"ftbsbc:stone_crook":99,"minecraft:oak_fence":6,"minecraft:stone_sword":26,"ftbsbc:fire_plow":3,"powah:energizing_orb":1,"ars_nouveau:arcane_core":1,"ftbsbc:stone_hammer":263,"minecraft:stick":4,"entangled:item":19,"minecraft:torch":205,"create:mechanical_pump":4,"minecraft:dirt":202,"minecraft:diamond_helmet":1,"tconstruct:seared_bricks":2,"botania:twig_wand":18,"minecraft:oak_fence_gate":3,"minecraft:iron_axe":30,"tconstruct:tinker_station":2,"ars_nouveau:imbuement_chamber":3,"botania:mana_pool":2,"tconstruct:sky_slime_bucket":6,"ftbstoneblock:1x_compressed_cobblestone":11,"create:fluid_pipe":8,"tconstruct:part_builder":2,"ftbsbc:iron_hammer":316,"stonechest:chest_cobblestone":5,"minecraft:wheat_seeds":133,"minecraft:water_bucket":41,"mob_grinding_utils:solid_xp_baby":1,"minecraft:cobblestone_stairs":192,"farmersdelight:skillet":3,"botania:endoflame":2,"minecraft:baked_potato":28,"botania:brown_mystical_flower":1,"botania:mana_spreader":1,"minecraft:stonecutter":1,"ftbstoneblock:stonepebble":1,"create:encased_fan":1,"justhammers:diamond_hammer":2,"minecraft:crafting_table":10,"minecraft:campfire":4,"tconstruct:seared_basin":5,"botania:apothecary_default":3,"botania:red_mystical_flower":1,"justhammers:iron_hammer":534,"minecraft:diamond_pickaxe":1,"minecraft:oak_log":33,"ars_nouveau:source_jar":9,"minecraft:iron_pickaxe":113,"ars_nouveau:arcane_pedestal":27,"create:water_wheel":9,"minecraft:spruce_sapling":24,"minecraft:stone_axe":20,"tconstruct:seared_melter":3,"minecraft:cobblestone":314,"minecraft:bucket":62,"create:hand_crank":5,"minecraft:diamond_leggings":1,"ars_nouveau:scribes_table":1}},"DataVersion":2975}