{"stats":{"minecraft:used":{"minecraft:moss_block":1,"minecraft:beetroot":24,"create:deployer":14,"bloodmagic:blankrune":17,"refinedstorage:exporter":34,"extendedexchange:green_collector":13,"minecraft:ladder":3,"minecraft:chest":4,"projecte:alchemical_chest":2,"minecraft:stone":101,"create:fluid_tank":5,"bloodmagic:selfsacrificerune":13,"ars_nouveau:relay":7,"minecraft:soul_sand":57,"powah:thermo_generator_basic":3,"ftbstoneblock:3x_compressed_cobblestone":1,"create:mechanical_crafter":53,"create:depot":2,"immersiveengineering:rs_engineering":1,"ironchest:iron_chest":5,"minecraft:lava_bucket":72,"minecraft:grass_block":1,"minecraft:birch_sapling":1,"tconstruct:seared_faucet":4,"thermal:machine_insolator":1,"extendedexchange:fading_relay":1,"create:shaft":7,"create:steam_engine":4,"minecraft:oak_sapling":10,"ars_creo:starbuncle_wheel":1,"minecraft:egg":240,"minecraft:potato":103,"botania:white_mystical_flower":2,"mekanismtools:steel_shield":39,"minecraft:cactus":2,"extendedexchange:magenta_collector":2,"botania:alfheim_portal":1,"minecraft:sand":43,"computercraft:turtle_normal":1,"botania:brewery":3,"powah:thermo_generator_blazing":16,"mekanismtools:bronze_paxel":10,"botanypots:terracotta_botany_pot":4,"immersiveengineering:hammer":5,"bloodmagic:soulforge":2,"extendedexchange:white_collector":26,"ars_nouveau:purple_archwood_log":5,"projecte:relay_mk3":6,"minecraft:diamond_sword":36,"powah:thermo_generator_hardened":9,"botania:pure_daisy":6,"gag:no_solicitors":1,"botania:mana_cookie":10,"ftbsbc:fire_plow":3,"minecraft:stone_sword":26,"powah:energizing_orb":2,"ars_nouveau:arcane_core":2,"minecraft:armor_stand":2,"ars_nouveau:dominion_wand":99,"ftbsbc:stone_hammer":263,"justhammers:diamond_reinforced_hammer":18,"minecraft:netherrack":9,"minecraft:stick":7,"minecraft:torch":355,"minecraft:stone_stairs":7,"minecraft:oak_fence_gate":7,"extendedexchange:yellow_collector":26,"create:wrench":10,"immersiveengineering:workbench":1,"minecraft:iron_axe":81,"botania:dirt_rod":1,"botania:mana_pool":8,"tconstruct:sky_slime_bucket":6,"create:fluid_pipe":8,"minecraft:pointed_dripstone":3,"stonechest:chest_cobblestone":8,"minecraft:wheat_seeds":141,"minecraft:water_bucket":66,"mob_grinding_utils:solid_xp_baby":1,"botania:endoflame":28,"botania:mana_spreader":10,"ars_nouveau:arcane_bricks":50,"ftbstoneblock:stonepebble":1,"create:encased_fan":1,"justhammers:diamond_hammer":655,"minecraft:crafting_table":10,"powah:energizing_rod_blazing":24,"minecraft:campfire":4,"minecraft:spruce_log":1,"justhammers:iron_hammer":585,"botania:apothecary_default":3,"minecraft:oak_log":110,"botania:bergamute":2,"minecraft:diamond_pickaxe":74,"tconstruct:seared_table":2,"minecraft:iron_pickaxe":266,"ars_nouveau:arcane_pedestal":35,"create:water_wheel":14,"thermal:machine_smelter":1,"minecraft:spruce_sapling":24,"minecraft:cobblestone":653,"tconstruct:seared_melter":3,"minecraft:diamond_leggings":1,"immersiveengineering:steel_scaffolding_standard":2,"minecraft:stripped_oak_log":2,"projecte:condenser_mk1":2,"extendedexchange:fading_collector":360,"projecte:condenser_mk2":19,"minecraft:moss_carpet":1,"botania:glimmering_livingwood_log":3,"minecraft:shield":69,"tconstruct:seared_fuel_tank":6,"ars_nouveau:red_archwood_sapling":1,"create:cogwheel":64,"minecraft:carrot":4,"mekanismtools:diamond_paxel":1599,"chancecubes:chance_cube":1,"chickens:breeder":38,"botania:livingwood_log":13,"extendedexchange:fading_power_flower":2,"ftbstoneblock:2x_compressed_cobblestone":9,"create:millstone":8,"botania:fabulous_pool":1,"extendedexchange:magenta_relay":1,"extendedexchange:lime_collector":28,"botania:natura_pylon":2,"minecraft:magma_block":27,"pipez:item_pipe":82,"minecraft:beetroot_seeds":91,"botania:runic_altar":3,"minecraft:dark_oak_sapling":1,"projecte:interdiction_torch":1,"ftbstoneblock:2x_compressed_gravel":1,"create:crushing_wheel":5,"minecraft:stone_pickaxe":1344,"minecraft:oak_planks":4,"botania:orange_mystical_flower":1,"minecraft:sugar_cane":3,"botania:thermalily":11,"chickens:roost":130,"powah:thermo_generator_niotic":16,"botania:fertilizer":79,"ars_nouveau:agronomic_sourcelink":2,"justhammers:diamond_destructor_hammer":94,"minecraft:end_stone":4,"minecraft:shears":9,"thermal:machine_pyrolyzer":1,"ars_nouveau:enchanting_apparatus":3,"ars_nouveau:purple_archwood_sapling":2,"minecraft:lever":1,"minecraft:dark_oak_log":15,"minecraft:melon_slice":21,"minecraft:gravel":149,"ars_nouveau:relay_warp":5,"snad:snad":6,"ars_nouveau:relay_splitter":4,"bloodmagic:altar":4,"minecraft:andesite":9,"botania:hydroangeas":7,"minecraft:oak_fence":74,"mekanismtools:steel_paxel":93,"ironchest:crystal_chest":3,"minecraft:bone_meal":15,"create:large_cogwheel":27,"immersiveengineering:conveyor_basic":2,"ftbsbc:stone_crook":99,"extendedexchange:alchemy_table":3,"minecraft:redstone":1,"bloodmagic:alchemytable":3,"entangled:item":19,"create:mechanical_pump":4,"minecraft:dirt":213,"minecraft:hopper":47,"minecraft:diamond_helmet":1,"tconstruct:seared_bricks":2,"botania:twig_wand":151,"create:chute":5,"extendedexchange:orange_collector":25,"ars_nouveau:imbuement_chamber":3,"tconstruct:tinker_station":3,"ftbstoneblock:1x_compressed_cobblestone":11,"tconstruct:part_builder":2,"ftbstoneblock:1x_compressed_endstone":8,"ftbsbc:iron_hammer":393,"bloodmagic:life_essence_bucket":1,"extendedexchange:pink_collector":5,"minecraft:cobblestone_stairs":192,"farmersdelight:skillet":3,"minecraft:baked_potato":167,"botania:brown_mystical_flower":9,"minecraft:stonecutter":1,"minecraft:cobblestone_slab":1,"tconstruct:seared_basin":8,"bloodmagic:soulsword":4,"bloodmagic:arcaneashes":5,"ars_nouveau:source_jar":26,"botania:red_mystical_flower":4,"tconstruct:sky_slime_dirt":1,"minecraft:piston":3,"powah:energizing_rod_niotic":16,"refinedstorage:cable":26,"immersiveengineering:heavy_engineering":2,"botania:alchemy_catalyst":3,"ars_nouveau:volcanic_sourcelink":9,"minecraft:stone_axe":20,"powah:energizing_rod_basic":5,"ironfurnaces:emerald_furnace":8,"minecraft:bucket":201,"create:hand_crank":6,"pipez:energy_pipe":2,"ars_nouveau:scribes_table":1},"minecraft:killed":{"mother_silverfish:poison_silverfish":1,"minecraft:shulker":1,"minecraft:skeleton":32,"minecraft:chicken":10,"minecraft:magma_cube":10,"minecraft:zombie":29,"mother_silverfish:mother_silverfish":1,"instrumentalmobs:drum_zombie":1,"minecraft:evoker":1,"minecraft:endermite":4,"minecraft:vindicator":1,"minecraft:zoglin":2,"minecraft:husk":1,"minecraft:enderman":4,"minecraft:spider":7,"chickens:netherwart_chicken":1,"mother_silverfish:thief_silverfish":3,"minecraft:silverfish":20,"ars_nouveau:summon_horse":6,"minecraft:piglin":3,"minecraft:creeper":17,"minecraft:stray":1,"minecraft:blaze":10,"minecraft:vex":3,"minecraft:slime":389,"minecraft:phantom":1,"ars_nouveau:summon_wolf":3,"mother_silverfish:leech_silverfish":3,"minecraft:hoglin":2,"chickens:smart_chicken":1,"ars_nouveau:wilden_stalker":5,"ars_nouveau:wilden_hunter":1,"minecraft:wither_skeleton":1},"minecraft:mined":{"botania:mana_pool":2,"extendedexchange:green_collector":13,"botania:red_mystical_flower":8,"create:andesite_casing":2,"bloodmagic:alchemytable":2,"powah:energizing_orb":2,"minecraft:obsidian":1,"botania:livingwood_log":82,"extendedexchange:magenta_collector":2,"snad:snad":6,"minecraft:crimson_fungus":3,"botania:light_gray_mystical_flower":17,"minecraft:hopper":40,"minecraft:magma_block":11,"projecte:condenser_mk1":3,"minecraft:weeping_vines_plant":3,"botania:purple_mystical_flower":14,"ironchest:crystal_chest":3,"projecte:condenser_mk2":7,"minecraft:fire":5,"tconstruct:seared_melter":2,"minecraft:moss_carpet":3,"extendedexchange:white_collector":26,"minecraft:water_cauldron":1,"botania:brown_mystical_flower":16,"botania:light_blue_mystical_flower":17,"stonechest:chest_cobblestone":2,"botania:alchemy_catalyst":2,"botania:green_mystical_flower":13,"create:cogwheel":43,"tconstruct:part_builder":1,"botanypots:terracotta_botany_pot":3,"ars_nouveau:light_block":5,"minecraft:soul_fire":8,"powah:thermo_generator_blazing":16,"minecraft:torch":50,"minecraft:melon":2,"minecraft:dead_bush":3,"botania:endoflame":8,"minecraft:sugar_cane":14,"botania:black_mystical_flower":15,"minecraft:birch_sapling":1,"minecraft:skeleton_skull":1,"bloodmagic:selfsacrificerune":9,"tconstruct:seared_faucet":3,"extendedexchange:lime_collector":28,"minecraft:wheat":140,"minecraft:stone_brick_stairs":1,"minecraft:wither_rose":2,"minecraft:grass":10,"chickens:roost":109,"minecraft:oak_fence_gate":3,"create:hand_crank":2,"minecraft:dark_oak_sapling":1,"botania:thermalily":9,"extendedexchange:orange_collector":25,"minecraft:stonecutter":1,"minecraft:piston":2,"ars_nouveau:relay":7,"create:millstone":7,"botania:brewery":2,"minecraft:dark_oak_log":1,"refinedstorage:exporter":9,"minecraft:crimson_roots":2,"minecraft:redstone_wire":1,"minecraft:moss_block":13,"computercraft:turtle_normal":1,"ars_nouveau:arcane_bricks":1,"create:shaft":3,"botania:magenta_mystical_flower":11,"extendedexchange:fading_collector":134,"minecraft:andesite":564,"ars_nouveau:relay_splitter":3,"minecraft:potatoes":80,"minecraft:cobblestone_slab":10,"minecraft:vine":1,"create:chute":3,"ironchest:iron_chest":4,"create:deployer":14,"botania:mana_spreader":3,"projecte:relay_mk3":5,"minecraft:oak_slab":1,"botania:lime_mystical_flower":13,"minecraft:soul_sand":57,"powah:energizing_rod_basic":2,"create:fluid_pipe":5,"create:mechanical_pump":3,"immersiveengineering:heavy_engineering":1,"minecraft:campfire":4,"create:water_wheel":11,"ars_nouveau:purple_archwood_sapling":2,"minecraft:tall_grass":4,"ars_nouveau:source_jar":20,"bloodmagic:altar":3,"ars_nouveau:arcane_pedestal":24,"minecraft:spruce_log":15,"gag:no_solicitors":1,"create:crushing_wheel":5,"botania:white_mystical_flower":17,"minecraft:gravel":103,"minecraft:cobweb":3,"botania:gray_mystical_flower":13,"extendedexchange:yellow_collector":26,"ftbstoneblock:1x_compressed_cobblestone":11,"minecraft:chipped_anvil":1,"minecraft:infested_stone":2,"ftbstoneblock:2x_compressed_gravel":1,"minecraft:spruce_planks":1,"minecraft:oak_sapling":1,"tconstruct:tinker_station":2,"ftbstoneblock:1x_compressed_endstone":16,"extendedexchange:alchemy_table":2,"minecraft:cobblestone_stairs":2,"tconstruct:seared_bricks":2,"minecraft:grass_block":4,"minecraft:soul_soil":1,"create:powered_shaft":1,"ars_nouveau:arcane_core":1,"tconstruct:seared_table":2,"botania:apothecary_default":1,"tconstruct:seared_fuel_tank":5,"supplementaries:stick":7,"minecraft:pointed_dripstone":3,"ars_nouveau:enchanting_apparatus":2,"tconstruct:sky_slime_dirt":1,"botania:orange_mystical_flower":19,"create:steam_engine":2,"minecraft:twisting_vines_plant":1,"minecraft:clay":1,"minecraft:chest":2,"create:brass_casing":7,"minecraft:cobblestone":288,"botania:blue_mystical_flower":14,"botania:bergamute":2,"minecraft:wall_torch":38,"minecraft:stone_stairs":1,"minecraft:nether_wart_block":2,"ftbstoneblock:2x_compressed_cobblestone":9,"minecraft:oak_log":26,"bloodmagic:soulforge":2,"minecraft:beetroots":88,"minecraft:sand":43,"minecraft:dirt":38,"minecraft:netherrack":17,"ars_nouveau:red_archwood_sapling":1,"minecraft:oak_leaves":5,"prettypipes:pipe":1,"gravestone:gravestone":7,"create:large_cogwheel":15,"botania:brown_double_flower":9,"minecraft:weeping_vines":1,"create:depot":1,"extendedexchange:magenta_relay":1,"minecraft:polished_andesite_slab":2,"minecraft:spruce_leaves":76,"refinedstorage:cable":4,"ars_nouveau:volcanic_sourcelink":5,"chickens:breeder":29,"powah:thermo_generator_basic":4,"powah:thermo_generator_hardened":9,"projecte:alchemical_chest":2,"botania:runic_altar":2,"ars_nouveau:agronomic_sourcelink":1,"bloodmagic:alchemyarray":3,"botania:livingrock":85,"extendedexchange:pink_collector":5,"botania:pure_daisy":5,"minecraft:stripped_oak_log":2,"bloodmagic:blankrune":13,"minecraft:stone":1834,"ars_nouveau:purple_archwood_log":1,"ars_nouveau:relay_warp":4,"pipez:item_pipe":82,"minecraft:oak_fence":27,"minecraft:crafting_table":7,"tconstruct:seared_basin":7,"botania:pink_mystical_flower":25,"minecraft:air":2,"minecraft:cactus":3,"botania:cyan_mystical_flower":15,"botania:red_double_flower":3,"botania:yellow_mystical_flower":14,"create:mechanical_crafter":32,"minecraft:polished_andesite":4,"extendedexchange:fading_power_flower":2},"minecraft:picked_up":{"mob_grinding_utils:saw_upgrade_smite":3,"compactmachines:personal_shrinking_device":1,"minecraft:iron_chestplate":1,"minecraft:chainmail_boots":2,"extendedexchange:magenta_relay":1,"botania:elementium_ingot":2,"create:wrench":1,"projecte:condenser_mk1":3,"minecraft:wither_rose":1,"minecraft:enchanted_book":3,"projecte:condenser_mk2":7,"minecraft:golden_sword":1,"botania:mana_tablet":17,"minecraft:amethyst_block":1,"botania:vial":1,"minecraft:string":41,"create:water_wheel":11,"minecraft:beetroot":78,"ars_nouveau:glyph_fell":1,"minecraft:gold_nugget":2,"minecraft:diamond_leggings":1,"minecraft:spruce_planks":107,"botania:hydroangeas":7,"minecraft:melon_slice":12,"minecraft:coal_block":6,"minecraft:diamond_ore":4,"minecraft:beehive":2,"farmersdelight:red_mushroom_colony":5,"immersiveengineering:shader_bag_epic":1,"ftbstoneblock:mob_soul":125,"powah:energizing_orb":2,"ftbstoneblock:warm_silverfish_shard":9,"minecraft:composter":1,"create:andesite_casing":2,"tconstruct:seared_faucet":3,"minecraft:warped_button":5,"minecraft:cauldron":1,"botania:white_mystical_flower":23,"botania:manasteel_ingot":55,"ars_nouveau:worn_notebook":3,"botania:elf_glass":5,"botania:livingrock":89,"ars_nouveau:arcane_core":1,"ars_nouveau:agronomic_sourcelink":1,"botania:brew_vial":2,"extendedexchange:fading_collector":134,"botania:livingwood_log":90,"powah:battery_starter":2,"minecraft:netherite_chestplate":1,"minecraft:blaze_rod":635,"ars_nouveau:manipulation_essence":2,"ftbstoneblock:1x_compressed_cobblestone":1,"minecraft:birch_log":2,"minecraft:magma_block":10,"minecraft:feather":6,"minecraft:water_bucket":1,"botania:manasteel_boots":2,"minecraft:powder_snow_bucket":2,"extendedexchange:fading_power_flower":2,"ars_nouveau:magebloom":22,"minecraft:flint":6,"pipez:ultimate_upgrade":67,"luggage:luggage":1,"minecraft:netherite_leggings":1,"minecraft:twisting_vines":2,"minecraft:stonecutter":1,"projecte:philosophers_stone":1,"chickens:catcher":2,"tconstruct:seared_table":2,"create:shaft":4,"tconstruct:blank_sand_cast":247,"minecraft:diamond_helmet":1,"minecraft:glowstone_dust":1,"minecraft:moss_block":13,"powah:thermo_generator_hardened":9,"botania:mana_pool":2,"botania:red_mystical_flower":6,"functionalstorage:compacting_drawer":2,"patchouli:guide_book":3,"botania:rune_winter":1,"ars_nouveau:relay_splitter":4,"ars_nouveau:wilden_horn":2,"minecraft:dark_oak_log":1,"minecraft:barrel":2,"minecraft:polished_andesite":5,"farmersdelight:glow_berry_custard":1,"ars_nouveau:glyph_summon_steed":1,"minecraft:crimson_roots":12,"bloodmagic:soulforge":2,"minecraft:crafting_table":7,"minecraft:nether_wart":6,"minecraft:clay_ball":4,"ars_nouveau:wand":9,"minecraft:leather_leggings":1,"ars_nouveau:novice_hood":2,"gravestone:obituary":1,"thermal:nickel_ingot":36,"powah:energizing_rod_starter":1,"minecraft:elytra":1,"create:fluid_pipe":5,"botania:endoflame":24,"bloodmagic:blankslate":57,"computercraft:turtle_normal":1,"refinedstorage:exporter":10,"botania:mana_glass":55,"botania:pure_daisy":7,"minecraft:iron_nugget":1,"minecraft:birch_sapling":7,"minecraft:chest":3,"mininggadgets:mininggadget":1,"minecraft:piston":6,"minecraft:egg":463,"ftbstoneblock:3x_compressed_cobblestone":1,"ars_nouveau:purple_archwood_log":29,"minecraft:stone":10,"ars_nouveau:air_essence":2,"pipez:item_pipe":82,"ironchest:iron_chest":4,"minecraft:fire_charge":6,"tconstruct:sky_slime_dirt":1,"minecraft:carrot":33,"extendedexchange:alchemy_table":2,"minecraft:redstone":14,"create:brass_casing":7,"botania:pixie_dust":2,"ars_nouveau:starbuncle_charm":1,"create:steam_engine":3,"botania:brown_petal":4,"tconstruct:sky_slime_ball":5,"ars_nouveau:enchanting_apparatus":2,"botania:runic_altar":2,"minecraft:diamond_chestplate":1,"minecraft:beetroot_seeds":233,"botania:apothecary_default":2,"minecraft:diamond_boots":2,"botania:blue_mystical_flower":13,"create:depot":1,"minecraft:gold_ingot":44,"minecraft:totem_of_undying":3,"botania:green_mystical_flower":13,"farmersdelight:brown_mushroom_colony":4,"minecraft:stripped_oak_log":2,"minecraft:clock":5,"refinedstorageaddons:wireless_crafting_grid":5,"minecraft:fern":2,"botania:rune_earth":10,"botania:rune_fire":8,"minecraft:red_mushroom":10,"prettypipes:low_extraction_module":1,"tconstruct:seared_fuel_tank":5,"thermal:netherite_nugget":335,"botania:red_petal":2,"ars_nouveau:wilden_wing":7,"ars_nouveau:relay":6,"minecraft:oak_log":104,"botania:rune_mana":1,"minecraft:golden_boots":2,"farmersdelight:skillet":1,"powah:thermo_generator_blazing":16,"minecraft:white_banner":1,"bloodmagic:apprenticebloodorb":1,"create:crushing_wheel":5,"minecraft:apple":3,"minecraft:stone_bricks":1,"minecraft:kelp":3,"minecraft:oak_fence_gate":3,"minecraft:stone_pickaxe":3,"extendedexchange:pink_collector":5,"minecraft:cobweb":1,"bloodmagic:sacrificialdagger":2,"minecraft:iron_sword":1,"botania:mana_spreader":3,"stonechest:chest_cobblestone":1,"ars_nouveau:source_jar":20,"minecraft:gravel":1197,"minecraft:spruce_sapling":65,"botania:rune_air":4,"minecraft:spruce_log":291,"ars_nouveau:volcanic_sourcelink":5,"botania:red_double_flower":3,"ars_nouveau:glyph_harm":2,"create:millstone":8,"bloodmagic:reinforcedslate":1,"minecraft:slime_ball":205,"immersiveengineering:seed":23,"minecraft:stone_axe":2,"ars_nouveau:source_gem_block":12,"botania:orange_mystical_flower":25,"create:mechanical_pump":3,"tconstruct:seared_melter":2,"immersiveengineering:hammer":1,"botania:brown_mystical_flower":14,"botanypots:terracotta_botany_pot":3,"minecraft:hopper":48,"ars_nouveau:magebloom_crop":1,"chickens:liquid_egg":14,"minecraft:wheat":138,"create:mechanical_crafter":31,"projecte:alchemical_chest":2,"botania:bergamute":3,"bloodmagic:alchemytable":2,"minecraft:nether_brick":6,"botania:rune_water":4,"powah:thermo_generator_basic":4,"thermal:silver_dust":2,"projecte:red_matter_block":66,"minecraft:lapis_block":3,"botania:mana_pearl":13,"projecte:aeternalis_fuel":64,"minecraft:iron_leggings":1,"minecraft:armor_stand":1,"bloodmagic:daggerofsacrifice":2,"bloodmagic:altar":3,"thermal:sulfur":64,"minecraft:sea_pickle":4,"minecraft:comparator":2,"buddingcrystals:crystal_catalyst":6,"bloodmagic:selfsacrificerune":9,"minecraft:bucket":2,"botania:mana_powder":9,"minecraft:redstone_torch":1,"minecraft:cobblestone_slab":10,"minecraft:iron_pickaxe":1,"minecraft:iron_boots":1,"minecraft:tipped_arrow":7,"botania:lexicon":1,"minecraft:stick":168,"ironchest:crystal_chest":7,"minecraft:oak_fence":27,"minecraft:torch":138,"botania:yellow_mystical_flower":13,"ftbstoneblock:crushed_endstone":264,"mekanismtools:bronze_paxel":2,"minecraft:pointed_dripstone":3,"powah:energizing_rod_blazing":24,"supplementaries:flax":2,"industrialforegoing:mob_duplicator":1,"create:large_cogwheel":16,"snad:snad":22,"minecraft:cactus":22,"minecraft:rotten_flesh":34,"botania:light_gray_mystical_flower":14,"minecraft:chorus_flower":1,"mekanism:ingot_osmium":1,"minecraft:obsidian":1,"minecraft:blaze_powder":4,"minecraft:cobblestone":13630,"tconstruct:seared_bricks":2,"farmersdelight:mixed_salad":1,"create:fluid_tank":4,"jags:jags":1,"minecraft:andesite":770,"minecraft:potato":197,"botania:thermalily":13,"minecraft:tuff":3,"chickens:chicken_item":243,"ars_nouveau:earth_essence":11,"extendedexchange:magnum_star_ein":1,"ars_nouveau:glyph_amplify":3,"minecraft:lapis_lazuli":45,"minecraft:dirt":199,"powah:dielectric_paste":13,"botania:mana_diamond":10,"immersiveengineering:hemp_fiber":1,"botania:pink_mystical_flower":23,"minecraft:glass":1,"minecraft:bone":45,"ftbdripper:dripper":4,"powah:steel_energized":4,"minecraft:bow":1,"botania:cyan_mystical_flower":16,"gag:no_solicitors":1,"ars_nouveau:source_gem":131,"minecraft:wheat_seeds":698,"powah:battery_basic":5,"botania:purple_mystical_flower":10,"minecraft:bamboo":5,"botania:gray_mystical_flower":6,"minecraft:ghast_tear":58,"immersiveengineering:creosote_bucket":1,"botania:ender_hand":1,"create:cogwheel":51,"justhammers:iron_hammer":1,"minecraft:sand":60,"prettypipes:pipe":1,"minecraft:dead_bush":1,"minecraft:diamond_block":2,"extendedexchange:yellow_collector":26,"chickens:breeder":27,"botania:mana_cookie":259,"ftbstoneblock:silverfish_heart":1,"minecraft:diamond":10,"tconstruct:seared_basin":7,"minecraft:netherite_helmet":1,"darkutils:vector_plate":4,"minecraft:polished_blackstone_button":2,"chancecubes:chance_cube":3,"botania:grass_seeds":5,"minecraft:grass":13,"minecraft:emerald":6,"minecraft:oak_sapling":28,"minecraft:netherrack":68,"ars_nouveau:arcane_pedestal":24,"minecraft:oak_leaves":43,"chickens:roost":109,"minecraft:charcoal":20,"nethersdelight:hoglin_loin":3,"ftbstoneblock:1x_compressed_endstone":8,"minecraft:cocoa_beans":2,"minecraft:firework_star":1,"botania:brown_double_flower":9,"minecraft:chicken":3,"minecraft:ladder":3,"minecraft:brown_mushroom":6,"immersiveengineering:heavy_engineering":1,"ars_nouveau:warp_scroll":4,"bloodmagic:airsigil":1,"botania:cosmetic_questgiver_mark":2,"minecraft:moss_carpet":7,"immersiveengineering:ingot_aluminum":2,"projecte:relay_mk3":5,"ftbquests:lootcrate":41,"botania:rune_spring":1,"minecraft:stone_stairs":9,"botania:magenta_mystical_flower":11,"ars_nouveau:relay_warp":8,"mekanism:ingot_uranium":1,"create:chute":3,"ars_nouveau:source_berry_pie":1,"minecraft:candle":12,"mekanismtools:steel_shield":2,"minecraft:sugar_cane":30,"mekanism:dust_gold":2,"minecraft:phantom_membrane":1,"bloodmagic:basemonstersoul":8,"minecraft:dark_oak_sapling":2,"minecraft:end_stone":288,"extendedexchange:lime_collector":28,"minecraft:copper_ingot":8,"ars_nouveau:glyph_underfoot":1,"ars_nouveau:purple_archwood_sapling":4,"botania:brewery":2,"extendedexchange:green_collector":13,"minecraft:stone_button":4,"minecraft:cookie":184,"create:hand_crank":5,"tconstruct:ichor_slime_ball":6,"powah:crystal_blazing":2,"create:deployer":14,"botania:rune_summer":1,"minecraft:lime_candle":9,"minecraft:arrow":54,"minecraft:weeping_vines":3,"botania:lime_mystical_flower":10,"projecte:aeternalis_fuel_block":289,"tconstruct:tinker_station":2,"farmersdelight:bacon_sandwich":1,"bloodmagic:blankrune":13,"ftbstoneblock:cold_silverfish_shard":6,"instrumentalmobs:drum":1,"minecraft:skeleton_skull":1,"minecraft:netherite_boots":1,"powah:battery_blazing":1,"ftbstoneblock:stonepebble":63,"minecraft:golden_carrot":6,"minecraft:glow_ink_sac":5,"extendedexchange:magenta_collector":2,"tconstruct:part_builder":1,"minecraft:crimson_fungus":7,"minecraft:nether_wart_block":2,"minecraft:gunpowder":9,"minecraft:cobblestone_stairs":2,"prettypipes:stack_size_module":1,"botania:black_mystical_flower":12,"botania:light_gray_petal":1,"botania:light_blue_mystical_flower":14,"bloodmagic:divinationsigil":1,"botania:blood_pendant":3,"extendedexchange:white_collector":26,"bloodmagic:reagentair":2,"botania:dreamwood_log":6,"farmersdelight:apple_cider":5,"farmersdelight:fruit_salad":1,"minecraft:iron_ingot":62,"botania:dragonstone":2,"refinedstorage:cable":6,"tconstruct:bacon":5,"minecraft:soul_sand":133,"extendedexchange:colossal_star_omega":1,"minecraft:book":1,"botania:rune_autumn":1,"minecraft:oak_slab":1,"minecraft:warped_fungus":3,"ars_nouveau:red_archwood_sapling":2,"minecraft:quartz":2,"minecraft:lava_bucket":1,"botania:alchemy_catalyst":2,"extendedexchange:orange_collector":25,"ars_nouveau:dominion_wand":1,"minecraft:spider_eye":1,"ars_nouveau:glyph_light":1,"powah:energizing_rod_basic":5,"create:brass_ingot":37,"ars_nouveau:glyph_aoe":2,"minecraft:coal":1},"minecraft:killed_by":{"ars_nouveau:wilden_hunter":1,"minecraft:creeper":2,"minecraft:skeleton":2},"minecraft:crafted":{"botania:green_petal":2,"justhammers:netherite_hammer":1,"pipez:wrench":1,"functionalstorage:compacting_drawer":1,"immersiveengineering:hammer":1,"botania:rainbow_rod":1,"botania:manasteel_block":1,"ars_nouveau:archmage_boots":1,"extendedexchange:white_collector":25,"botania:mana_pylon":2,"minecraft:blaze_powder":266,"projecte:swiftwolf_rending_gale":1,"extendedexchange:orange_collector":26,"pipez:item_pipe":48,"projecte:alchemical_chest":3,"minecraft:birch_slab":12,"botania:auto_crafting_halo":2,"extendedexchange:fading_power_flower":1,"botania:mana_pool":4,"extendedexchange:yellow_relay":2,"ironfurnaces:iron_furnace":8,"stonechest:chest_cobblestone":2,"computercraft:turtle_normal":1,"extendedexchange:lime_relay":2,"projecte:red_matter_block":2,"minecraft:lever":1,"ironfurnaces:diamond_furnace":8,"ars_nouveau:blaze_fiber":24,"extendedexchange:cyan_matter":66,"immersiveengineering:workbench":1,"immersiveengineering:stick_steel":4,"thermal:machine_frame":3,"minecraft:iron_bars":464,"tconstruct:seared_melter":1,"botania:red_petal":20,"minecraft:quartz_block":2,"extendedexchange:energy_link":1,"projecte:dark_matter_block":2,"extendedexchange:violet_collector":1,"minecraft:diamond_helmet":1,"minecraft:diamond_leggings":1,"botania:twig_wand":1,"extendedexchange:colossal_star_vier":1,"extendedexchange:alchemy_table":1,"minecraft:end_stone":72,"ars_creo:starbuncle_wheel":1,"botania:alchemy_catalyst":1,"extendedexchange:magnum_star_sphere":1,"powah:energizing_rod_starter":3,"extendedexchange:green_collector":1,"ars_nouveau:apprentice_spell_book":1,"computercraft:computer_normal":1,"botania:bifrost_perm":5,"botania:light_gray_petal":18,"create:cogwheel":18,"powah:thermoelectric_plate":14,"extendedexchange:fading_collector":25,"projecte:dark_matter":16,"powah:capacitor_basic_large":2,"create:rose_quartz":195,"projecte:red_matter":96,"minecraft:diamond_axe":1,"extendedexchange:violet_relay":2,"botania:invisibility_cloak":2,"powah:energizing_rod_niotic":16,"projecte:philosophers_stone":1,"immersiveengineering:slab_treated_wood_horizontal":6,"extendedexchange:violet_matter":17,"tconstruct:blank_sand_cast":1,"ars_nouveau:archmage_hood":1,"ftbsbc:stone_rod":18,"ars_nouveau:source_jar":9,"minecraft:copper_ingot":18,"projecte:soul_stone":1,"bloodmagic:sacrificialdagger":1,"botania:livingwood_twig":5,"minecraft:hay_block":283,"thermal:machine_insolator":1,"minecraft:campfire":8,"bloodmagic:altar":1,"ironfurnaces:augment_speed":8,"minecraft:blaze_rod":18,"extendedexchange:fading_relay":2,"avaritia:diamond_lattice":2,"create:encased_fan":1,"extendedexchange:magnum_star_ein":1,"botania:runic_altar":1,"thermal:tin_gear":2,"extendedexchange:cyan_relay":2,"botania:mana_tablet":2,"minecraft:iron_pickaxe":3,"minecraft:compass":2,"ftbsbc:stone_hammer":2,"gag:no_solicitors":1,"botania:dirt_rod":2,"minecraft:gold_ingot":63,"immersiveengineering:heavy_engineering":4,"bloodmagic:blankrune":8,"extendedexchange:yellow_matter":18,"powah:capacitor_blazing":66,"powah:capacitor_basic_tiny":26,"ars_nouveau:arcane_pedestal":16,"minecraft:golden_carrot":7,"extendedexchange:magenta_relay":3,"powah:dielectric_casing":138,"ars_nouveau:volcanic_sourcelink":4,"tconstruct:part_builder":1,"botania:fabulous_pool":1,"minecraft:iron_nugget":9,"ars_nouveau:blank_parchment":7,"ars_nouveau:relay":7,"ftbsbc:stone_crook":1,"botania:blue_petal":6,"create:golden_sheet":1,"minecraft:bone_meal":18,"tconstruct:seared_basin":1,"thermal:lumium_gear":2,"create:iron_sheet":12,"thermal:constantan_dust":8,"minecraft:white_carpet":3,"tconstruct:tinker_station":2,"ironfurnaces:emerald_furnace":8,"minecraft:lantern":1,"minecraft:diamond":63,"ars_nouveau:novice_spell_book":1,"botania:glimmering_livingwood_log":3,"extendedexchange:magnum_star_drei":2,"extendedexchange:colossal_star_ein":1,"minecraft:ladder":75,"botania:white_petal":8,"minecraft:spruce_slab":6,"extendedexchange:pink_matter":105,"extendedexchange:red_collector":64,"extendedexchange:magenta_collector":32,"minecraft:stone_pickaxe":11,"minecraft:diamond_boots":1,"immersiveengineering:treated_fence":3,"thermal:invar_dust":18,"botania:redstone_root":1,"create:electron_tube":9,"minecraft:dark_oak_planks":20,"ars_nouveau:arcane_bricks":52,"projecte:klein_star_omega":1,"ftbsbc:iron_hammer":3,"minecraft:wheat":189,"minecraft:coal_block":92,"powah:dielectric_paste":960,"minecraft:firework_star":1,"ironchest:gold_chest":3,"extendedexchange:magnum_star_zwei":1,"projecte:archangel_smite":1,"immersiveengineering:rs_engineering":4,"botania:mana_spreader":7,"extendedexchange:white_matter":5,"functionalstorage:oak_2":2,"minecraft:dark_oak_button":8,"extendedexchange:colossal_star_zwei":1,"botania:travel_belt":2,"projecte:klein_star_sphere":1,"ftbstoneblock:3x_compressed_cobblestone":2,"minecraft:glowstone":128,"immersiveengineering:blueprint":1,"extendedexchange:red_relay":3,"botania:terraform_rod":1,"bloodmagic:alchemytable":1,"extendedexchange:pink_collector":5,"powah:crystal_niotic":279,"botania:dreamwood_twig":3,"minecraft:oak_fence_gate":11,"minecraft:cobblestone":491,"extendedexchange:colossal_star_drei":1,"ironchest:obsidian_chest":3,"minecraft:flint":16,"projecte:mind_stone":1,"minecraft:iron_shovel":1,"minecraft:iron_leggings":1,"minecraft:armor_stand":1,"powah:capacitor_basic":20,"create:shaft":8,"extendedexchange:white_relay":2,"pipez:ultimate_upgrade":5,"immersiveengineering:component_steel":4,"minecraft:oak_planks":184,"minecraft:barrel":4,"projecte:klein_star_drei":2,"ars_nouveau:archwood_planks":88,"extendedexchange:green_matter":6,"chickens:catcher":1,"minecraft:sand":9,"extendedexchange:yellow_collector":25,"ftbstoneblock:2x_compressed_cobblestone":93,"minecraft:stone":0,"thermal:electrum_dust":4,"immersiveengineering:steel_scaffolding_standard":6,"botania:gray_petal":2,"immersiveengineering:sheetmetal_iron":4,"create:deployer":2,"minecraft:spruce_pressure_plate":1,"extendedexchange:colossal_star_sphere":1,"minecraft:hopper":14,"minecraft:bow":4,"minecraft:iron_boots":1,"thermal:machine_pyrolyzer":1,"darkutils:tome_pigpen":1,"tconstruct:seared_fuel_tank":1,"minecraft:oak_button":16,"powah:energizing_rod_basic":3,"ars_nouveau:enchanting_apparatus":1,"extendedexchange:cyan_collector":1,"minecraft:birch_button":8,"immersiveengineering:plate_steel":31,"projecte:aeternalis_fuel_block":262,"projecte:body_stone":1,"minecraft:oak_fence":69,"powah:energizing_rod_hardened":16,"create:brass_hand":2,"extendedexchange:orange_matter":5,"ars_nouveau:end_fiber":24,"create:depot":1,"botania:cyan_petal":10,"thermal:lumium_dust":12,"ars_nouveau:arcane_core":1,"minecraft:map":2,"minecraft:crafting_table":12,"powah:capacitor_niotic":64,"minecraft:spruce_planks":8,"powah:thermo_generator_blazing":16,"projecte:mobius_fuel":673,"create:fluid_pipe":4,"minecraft:iron_helmet":1,"projecte:black_hole_band":1,"create:zinc_nugget":18,"ftbsbc:fire_plow":2,"extendedexchange:fading_compressed_collector":3,"botania:blood_pendant":3,"create:sand_paper":1,"minecraft:gold_block":642,"extendedexchange:purple_matter":48,"botania:speed_up_belt":2,"minecraft:brewing_stand":2,"minecraft:birch_planks":8,"ironchest:diamond_chest":3,"botania:crafting_halo":2,"extendedexchange:magnum_star_vier":1,"minecraft:book":11,"minecraft:iron_chestplate":1,"minecraft:paper":18,"create:water_wheel":4,"minecraft:shield":2,"powah:capacitor_hardened":68,"minecraft:stick":176,"extendedexchange:fading_matter":6,"extendedexchange:green_relay":2,"create:mechanical_pump":1,"minecraft:iron_ingot":77,"projecte:klein_star_ein":1,"minecraft:stone_sword":2,"minecraft:snow_block":2,"immersiveengineering:stick_treated":8,"ars_nouveau:scribes_table":1,"tconstruct:seared_fuel_gauge":1,"minecraft:polished_andesite":16,"create:chute":4,"botania:brown_petal":48,"stonechest:part_cobblestone":8,"powah:energizing_rod_blazing":16,"minecraft:cookie":8,"tconstruct:pattern":9,"minecraft:redstone":1,"minecraft:coal":247,"minecraft:fishing_rod":1,"ironfurnaces:gold_furnace":8,"create:steam_engine":1,"projecte:life_stone":1,"extendedexchange:blue_collector":1,"extendedexchange:lime_matter":1,"extendedexchange:colossal_star_omega":2,"minecraft:spruce_button":36,"ars_nouveau:magebloom_fiber":88,"botania:terrasteel_nugget":9,"minecraft:stone_button":1,"minecraft:furnace":11,"minecraft:blast_furnace":1,"minecraft:piston":1,"extendedexchange:blue_relay":2,"ftbstoneblock:2x_compressed_gravel":16,"ironchest:dirt_chest":2,"minecraft:dark_oak_sign":3,"powah:thermo_generator_hardened":12,"ftbstoneblock:1x_compressed_gravel":149,"mekanismtools:steel_shield":1,"ars_nouveau:archwood_slab":60,"immersiveengineering:sheetmetal_steel":4,"minecraft:diamond_block":65,"ars_nouveau:source_gem_block":7,"projecte:white_alchemical_bag":1,"projecte:aeternalis_fuel":166,"tconstruct:ingot_sand_cast":58,"minecraft:leather":1,"extendedexchange:pink_relay":2,"bloodmagic:soulforge":1,"minecraft:iron_axe":1,"immersiveengineering:wirecutter":1,"powah:thermo_generator_starter":1,"create:millstone":2,"create:copper_sheet":10,"create:fluid_tank":4,"ars_nouveau:arcane_stone":176,"projecte:klein_star_vier":1,"immersiveengineering:component_iron":1,"ars_nouveau:warp_scroll":7,"chickens:breeder":8,"thermal:machine_smelter":1,"powah:dielectric_rod_horizontal":328,"ars_nouveau:agronomic_sourcelink":1,"minecraft:sugar":7,"minecraft:red_dye":20,"botania:fertilizer":70,"create:andesite_alloy":9,"create:hand_crank":1,"extendedexchange:magenta_matter":4,"thermal:constantan_gear":2,"thermal:invar_gear":2,"ars_nouveau:imbuement_chamber":3,"powah:energizing_orb":1,"botania:gravity_rod":1,"extendedexchange:lime_collector":11,"minecraft:iron_sword":6,"extendedexchange:magnum_star_omega":1,"minecraft:nether_bricks":16,"minecraft:grass_block":8,"ftbstoneblock:1x_compressed_endstone":8,"extendedexchange:blue_matter":12,"ars_nouveau:archmage_robes":1,"minecraft:stone_axe":1,"projecte:interdiction_torch":1,"botania:alfheim_portal":1,"minecraft:air":0,"minecraft:blue_dye":110,"extendedexchange:purple_collector":1,"powah:dielectric_rod":834,"botania:orange_petal":12,"projecte:alchemical_coal":2440,"projecte:klein_star_zwei":9,"powah:thermo_generator_basic":1,"justhammers:iron_hammer":4,"ftbstoneblock:1x_compressed_cobblestone":450,"minecraft:white_wool":8,"extendedexchange:orange_relay":2,"powah:thermo_generator_niotic":16,"minecraft:white_dye":68,"ars_nouveau:archmage_leggings":1,"botania:brewery":1,"projecte:iron_band":2,"create:mechanical_crafter":21,"extendedexchange:purple_relay":2,"tconstruct:seared_faucet":3,"minecraft:stonecutter":1,"chickens:roost":111,"minecraft:torch":96,"thermal:rf_coil":3,"minecraft:lapis_lazuli":243,"minecraft:lapis_block":2,"minecraft:diamond_chestplate":1,"immersiveengineering:craftingtable":1},"minecraft:custom":{"minecraft:interact_with_crafting_table":132,"minecraft:open_barrel":55,"minecraft:eat_cake_slice":11,"minecraft:leave_game":26,"minecraft:time_since_death":1428653,"champions:champion_mobs_killed":554,"minecraft:damage_blocked_by_shield":1558,"minecraft:play_time":3329944,"minecraft:deaths":7,"minecraft:jump":8434,"minecraft:interact_with_furnace":59,"minecraft:traded_with_villager":1,"minecraft:damage_dealt":94941,"minecraft:use_cauldron":61,"minecraft:horse_one_cm":207910,"minecraft:interact_with_smithing_table":2,"minecraft:inspect_hopper":42,"minecraft:sneak_time":29052,"minecraft:total_world_time":3329944,"minecraft:interact_with_stonecutter":3,"minecraft:time_since_rest":1428696,"minecraft:swim_one_cm":456,"minecraft:fly_one_cm":2822773,"minecraft:open_chest":2606,"minecraft:fall_one_cm":84880,"minecraft:sprint_one_cm":3943369,"minecraft:drop":733,"minecraft:talked_to_villager":7,"minecraft:walk_on_water_one_cm":22706,"minecraft:open_enderchest":1,"minecraft:crouch_one_cm":39679,"minecraft:mob_kills":737,"minecraft:fill_cauldron":2,"minecraft:climb_one_cm":22622,"minecraft:walk_one_cm":5751899,"minecraft:walk_under_water_one_cm":4966,"minecraft:damage_taken":6820,"minecraft:damage_absorbed":10,"minecraft:trigger_trapped_chest":7},"minecraft:dropped":{"industrialforegoing:mob_duplicator":1,"minecraft:iron_sword":3,"minecraft:diamond":15,"refinedstorage:exporter":1,"minecraft:cookie":256,"create:cogwheel":7,"ars_nouveau:earth_essence":1,"botania:blood_pendant":1,"refinedstorage:cable":2,"botania:mana_diamond":2,"botania:mana_pearl":3,"minecraft:red_mushroom":3,"minecraft:dirt":2,"minecraft:grass":7,"botania:rune_earth":6,"minecraft:stone_button":1,"ftbsbc:iron_hammer":2,"thermal:nickel_ingot":73,"minecraft:bone_meal":1,"projecte:philosophers_stone":2,"minecraft:sand":366,"tconstruct:sky_slime_ball":1,"minecraft:fishing_rod":1,"minecraft:white_wool":1,"minecraft:stone_axe":1,"minecraft:sugar_cane":1,"minecraft:nether_brick":1,"minecraft:wheat":1,"minecraft:rotten_flesh":8,"minecraft:end_stone":128,"minecraft:blaze_powder":10,"projecte:red_matter_block":7,"justhammers:iron_hammer":2,"botania:manasteel_ingot":16,"minecraft:firework_star":2,"minecraft:charcoal":4,"minecraft:hopper":12,"botania:mana_powder":3,"bloodmagic:sacrificialdagger":2,"mekanismtools:steel_shield":1,"minecraft:glass":55,"mininggadgets:mininggadget":1,"botania:brown_petal":37,"botania:rune_water":2,"minecraft:egg":6,"minecraft:iron_ingot":55,"minecraft:wheat_seeds":13,"ftbstoneblock:crushed_endstone":200,"projecte:red_alchemical_bag":1,"ftbstoneblock:2x_compressed_gravel":15,"minecraft:feather":1,"minecraft:cobblestone":150,"minecraft:coal":40,"minecraft:coal_block":83,"chickens:chicken_item":658,"botania:speed_up_belt":1,"minecraft:dead_bush":1,"minecraft:string":33,"minecraft:snow_block":2,"minecraft:moss_carpet":2,"thermal:silver_ingot":2,"minecraft:stone_sword":1,"minecraft:white_carpet":1,"minecraft:iron_boots":2,"botania:mana_tablet":18,"immersiveengineering:hammer":1,"minecraft:pumpkin_seeds":5,"minecraft:potato":32,"minecraft:stone":22,"botania:lexicon":2,"pipez:energy_pipe":1,"botania:livingwood_log":6,"minecraft:diamond_pickaxe":1,"minecraft:redstone_torch":1,"minecraft:spider_eye":2,"botania:blue_petal":4,"ars_nouveau:warp_scroll":13,"create:millstone":1,"minecraft:diamond_axe":1,"minecraft:orange_dye":64,"minecraft:warped_fungus":1,"minecraft:ender_pearl":13,"botania:cyan_petal":5,"botania:livingrock":16,"minecraft:lantern":1,"minecraft:leather":4,"chancecubes:chance_cube":2,"chickens:roost":4,"instrumentalmobs:drum":1,"thermal:invar_dust":9,"ftbstoneblock:1x_compressed_cobblestone":93,"create:large_cogwheel":1,"botania:white_petal":4,"ars_nouveau:novice_hood":1,"minecraft:gold_ingot":3,"minecraft:gravel":62,"minecraft:beetroot":1,"minecraft:fern":1,"bloodmagic:apprenticebloodorb":1,"botania:rune_air":2,"patchouli:guide_book":3,"bloodmagic:basemonstersoul":2,"minecraft:gunpowder":11,"minecraft:beetroot_seeds":9,"botania:redstone_root":1,"minecraft:spruce_pressure_plate":1,"minecraft:chainmail_boots":1,"create:brass_ingot":1,"minecraft:arrow":4,"tconstruct:sky_slime_crystal":4,"bloodmagic:reinforcedslate":8,"immersiveengineering:seed":21,"minecraft:oak_leaves":4,"minecraft:water_bucket":1,"mekanismtools:bronze_paxel":1,"botania:auto_crafting_halo":1,"botania:rune_fire":6,"botania:red_petal":23,"botania:green_petal":2,"botania:orange_mystical_flower":5,"bloodmagic:daggerofsacrifice":1,"minecraft:copper_ingot":5,"powah:battery_basic":4,"minecraft:stick":14,"ars_nouveau:worn_notebook":1,"botania:livingwood_twig":1,"minecraft:torch":1,"ftbsbc:fire_plow":1,"minecraft:melon_slice":1,"botania:orange_petal":9,"minecraft:iron_leggings":1,"ftbstoneblock:1x_compressed_gravel":1,"botania:invisibility_cloak":1,"botania:mana_glass":5,"ftbstoneblock:silverfish_heart":1,"minecraft:bucket":3,"thermal:sulfur":128,"minecraft:redstone":7,"botania:mana_cookie":59,"mekanismtools:diamond_paxel":1,"bloodmagic:blankslate":19,"minecraft:nether_wart":2,"minecraft:blaze_rod":202,"botania:gray_petal":1,"botania:light_gray_petal":18,"minecraft:comparator":2,"immersiveengineering:shader":1,"extendedexchange:magnum_star_ein":1,"minecraft:iron_chestplate":1,"chickens:catcher":4,"minecraft:cake":1,"minecraft:oak_sapling":3,"minecraft:slime_ball":14,"minecraft:diamond_boots":1,"refinedstorageaddons:wireless_crafting_grid":3,"minecraft:stone_pickaxe":2},"minecraft:broken":{"justhammers:diamond_hammer":1,"minecraft:iron_pickaxe":1,"ftbsbc:stone_hammer":2,"minecraft:stone_pickaxe":10,"justhammers:iron_hammer":5,"create:sand_paper":1}},"DataVersion":2975}