{"stats":{"minecraft:custom":{"minecraft:interact_with_furnace":17,"minecraft:mob_kills":4,"minecraft:interact_with_crafting_table":42,"minecraft:eat_cake_slice":11,"minecraft:leave_game":1,"minecraft:time_since_death":177870,"minecraft:time_since_rest":177870,"champions:champion_mobs_killed":4,"minecraft:sprint_one_cm":111977,"minecraft:damage_absorbed":10,"minecraft:damage_taken":90,"minecraft:walk_one_cm":372138,"minecraft:drop":52,"minecraft:damage_dealt":510,"minecraft:talked_to_villager":3,"minecraft:fly_one_cm":25275,"minecraft:open_chest":106,"minecraft:play_time":177870,"minecraft:crouch_one_cm":400,"minecraft:sneak_time":679,"minecraft:jump":438,"minecraft:walk_on_water_one_cm":1984,"minecraft:total_world_time":177870,"minecraft:fall_one_cm":1577},"minecraft:crafted":{"botania:cyan_petal":2,"stonechest:part_cobblestone":4,"tconstruct:pattern":6,"minecraft:oak_planks":40,"minecraft:redstone":1,"create:hand_crank":1,"tconstruct:part_builder":1,"minecraft:crafting_table":2,"minecraft:birch_slab":12,"ftbsbc:stone_rod":10,"botania:mana_pool":1,"ftbstoneblock:2x_compressed_cobblestone":7,"ftbsbc:stone_crook":1,"stonechest:chest_cobblestone":1,"minecraft:stone":0,"botania:livingwood_twig":1,"minecraft:stone_axe":1,"minecraft:air":0,"tconstruct:tinker_station":1,"botania:orange_petal":2,"ftbstoneblock:1x_compressed_cobblestone":64,"botania:twig_wand":1,"minecraft:cobblestone":14,"create:water_wheel":1,"botania:white_petal":4,"minecraft:stick":28,"create:millstone":1,"minecraft:iron_ingot":14,"ftbsbc:stone_hammer":2,"minecraft:stone_pickaxe":7,"minecraft:stone_sword":2,"minecraft:oak_button":16,"minecraft:birch_button":8,"minecraft:torch":36,"create:cogwheel":3,"minecraft:polished_andesite":16},"minecraft:used":{"minecraft:water_bucket":2,"minecraft:stone_sword":3,"farmersdelight:skillet":3,"minecraft:stone_pickaxe":898,"ftbsbc:stone_hammer":144,"minecraft:stone":5,"ftbstoneblock:stonepebble":1,"minecraft:stick":1,"entangled:item":19,"minecraft:torch":39,"minecraft:dirt":2,"ars_nouveau:red_archwood_sapling":1,"minecraft:crafting_table":6,"create:cogwheel":6,"botania:twig_wand":3,"botania:apothecary_default":2,"ars_nouveau:purple_archwood_sapling":1,"minecraft:dark_oak_log":13,"minecraft:birch_sapling":1,"tconstruct:tinker_station":2,"create:water_wheel":1,"create:millstone":6,"minecraft:gravel":2,"minecraft:stone_axe":8,"minecraft:cobblestone":45,"botania:pure_daisy":2,"botania:mana_pool":1,"minecraft:oak_sapling":3,"minecraft:egg":4,"minecraft:bucket":3,"create:hand_crank":3,"tconstruct:part_builder":2,"botania:white_mystical_flower":2,"minecraft:dark_oak_sapling":1,"ftbsbc:stone_crook":5,"create:large_cogwheel":2,"stonechest:chest_cobblestone":1},"minecraft:killed":{"minecraft:creeper":2,"minecraft:silverfish":2},"minecraft:mined":{"minecraft:oak_slab":1,"create:cogwheel":4,"tconstruct:part_builder":1,"minecraft:oak_sapling":1,"create:millstone":5,"tconstruct:tinker_station":1,"minecraft:dark_oak_log":1,"minecraft:crafting_table":5,"botania:livingwood_log":12,"ars_nouveau:purple_archwood_sapling":1,"minecraft:cobblestone":22,"minecraft:wall_torch":4,"minecraft:birch_sapling":1,"minecraft:andesite":18,"supplementaries:stick":1,"botania:white_mystical_flower":1,"minecraft:oak_log":7,"botania:livingrock":5,"create:hand_crank":1,"minecraft:dark_oak_sapling":1,"botania:pure_daisy":1,"minecraft:gravel":1,"minecraft:dirt":4,"minecraft:stone":998,"ars_nouveau:red_archwood_sapling":1,"botania:mana_pool":1,"minecraft:oak_leaves":1},"minecraft:broken":{"minecraft:stone_pickaxe":6,"ftbsbc:stone_hammer":1},"minecraft:picked_up":{"minecraft:birch_log":2,"minecraft:crafting_table":5,"ftbstoneblock:stonepebble":57,"minecraft:water_bucket":1,"minecraft:andesite":17,"tconstruct:part_builder":1,"minecraft:oak_log":22,"minecraft:gunpowder":1,"farmersdelight:skillet":1,"ftbquests:lootcrate":2,"minecraft:dirt":2,"ftbdripper:dripper":2,"botania:cyan_mystical_flower":4,"botania:pure_daisy":2,"minecraft:iron_ingot":1,"minecraft:birch_sapling":7,"botania:mana_pool":1,"minecraft:egg":6,"minecraft:dark_oak_sapling":2,"minecraft:oak_slab":1,"minecraft:stick":8,"ironchest:crystal_chest":3,"minecraft:copper_ingot":5,"create:cogwheel":4,"ars_nouveau:red_archwood_sapling":2,"minecraft:torch":8,"minecraft:gravel":44,"ars_nouveau:purple_archwood_sapling":3,"create:hand_crank":3,"minecraft:spruce_sapling":1,"minecraft:dark_oak_log":1,"botania:white_mystical_flower":4,"create:millstone":6,"botania:livingrock":5,"minecraft:diamond":2,"botania:apothecary_default":1,"tconstruct:tinker_station":1,"chancecubes:chance_cube":1,"botania:orange_mystical_flower":2,"minecraft:emerald":1,"botania:livingwood_log":12,"minecraft:gold_ingot":5,"powah:battery_starter":1,"minecraft:oak_sapling":3,"minecraft:oak_leaves":42,"minecraft:cobblestone":1049},"minecraft:dropped":{"minecraft:gravel":42,"minecraft:water_bucket":1,"create:millstone":1,"minecraft:stone_sword":1,"minecraft:cobblestone":8,"minecraft:beetroot_seeds":1,"botania:white_petal":4}},"DataVersion":2975}